Variante_Dados,Modelo,algorithm,init,max_iter,n_clusters,n_init,random_state,N_Clusters,Ruido_%,Silhouette,Davies_Bouldin,Calinski_Harabasz,Inercia,Min_Cluster_%,batch_size,covariance_type,n_components,branching_factor,threshold
Atual_M2,KMeans,lloyd,k-means++,300.0,2.0,20.0,42.0,2,0.0,0.2784,1.4081,1426.4962,16371.6536,39.07,,,,,
Atual_M2,KMeans,lloyd,k-means++,300.0,2.0,50.0,42.0,2,0.0,0.2784,1.4081,1426.4962,16371.6536,39.07,,,,,
Atual_M2,KMeans,lloyd,k-means++,300.0,3.0,20.0,42.0,3,0.0,0.2151,1.6096,1144.0243,13701.3142,30.67,,,,,
Atual_M2,KMeans,lloyd,k-means++,300.0,3.0,50.0,42.0,3,0.0,0.2151,1.6096,1144.0243,13701.3142,30.67,,,,,
Atual_M2,KMeans,lloyd,k-means++,300.0,4.0,20.0,42.0,4,0.0,0.1787,1.9173,902.1323,12694.3028,18.4,,,,,
Atual_M2,KMeans,lloyd,k-means++,300.0,4.0,50.0,42.0,4,0.0,0.1787,1.9173,902.1323,12694.3028,18.4,,,,,
Atual_M2,KMeans,lloyd,k-means++,300.0,5.0,20.0,42.0,5,0.0,0.1613,1.853,785.7876,11789.1846,10.97,,,,,
Atual_M2,KMeans,lloyd,k-means++,300.0,5.0,50.0,42.0,5,0.0,0.1613,1.853,785.7876,11789.1846,10.97,,,,,
Atual_M2,KMeans,lloyd,k-means++,300.0,6.0,20.0,42.0,6,0.0,0.1563,1.8837,698.1894,11155.007,10.1,,,,,
Atual_M2,KMeans,lloyd,k-means++,300.0,6.0,50.0,42.0,6,0.0,0.156,1.8806,698.2023,11154.8963,10.1,,,,,
Atual_M2,KMeans,lloyd,k-means++,300.0,7.0,20.0,42.0,7,0.0,0.1532,1.9786,628.6753,10689.5657,10.13,,,,,
Atual_M2,KMeans,lloyd,k-means++,300.0,7.0,50.0,42.0,7,0.0,0.153,1.9866,628.7098,10689.2388,10.13,,,,,
Atual_M2,KMeans,lloyd,k-means++,300.0,8.0,20.0,42.0,8,0.0,0.1427,2.0702,575.1498,10300.7702,10.1,,,,,
Atual_M2,KMeans,lloyd,k-means++,300.0,8.0,50.0,42.0,8,0.0,0.1427,2.0702,575.1498,10300.7702,10.1,,,,,
Atual_M2,KMeans,lloyd,k-means++,300.0,9.0,20.0,42.0,9,0.0,0.1333,2.0465,526.4095,10033.931,8.6,,,,,
Atual_M2,KMeans,lloyd,k-means++,300.0,9.0,50.0,42.0,9,0.0,0.1333,2.0465,526.4095,10033.931,8.6,,,,,
Atual_M2,KMeans,lloyd,k-means++,300.0,10.0,20.0,42.0,10,0.0,0.1299,2.0848,488.1811,9784.2093,7.57,,,,,
Atual_M2,KMeans,lloyd,k-means++,300.0,10.0,50.0,42.0,10,0.0,0.1299,2.0848,488.1811,9784.2093,7.57,,,,,
Atual_M2,KMeans,lloyd,k-means++,500.0,2.0,20.0,42.0,2,0.0,0.2784,1.4081,1426.4962,16371.6536,39.07,,,,,
Atual_M2,KMeans,lloyd,k-means++,500.0,2.0,50.0,42.0,2,0.0,0.2784,1.4081,1426.4962,16371.6536,39.07,,,,,
Atual_M2,KMeans,lloyd,k-means++,500.0,3.0,20.0,42.0,3,0.0,0.2151,1.6096,1144.0243,13701.3142,30.67,,,,,
Atual_M2,KMeans,lloyd,k-means++,500.0,3.0,50.0,42.0,3,0.0,0.2151,1.6096,1144.0243,13701.3142,30.67,,,,,
Atual_M2,KMeans,lloyd,k-means++,500.0,4.0,20.0,42.0,4,0.0,0.1787,1.9173,902.1323,12694.3028,18.4,,,,,
Atual_M2,KMeans,lloyd,k-means++,500.0,4.0,50.0,42.0,4,0.0,0.1787,1.9173,902.1323,12694.3028,18.4,,,,,
Atual_M2,KMeans,lloyd,k-means++,500.0,5.0,20.0,42.0,5,0.0,0.1613,1.853,785.7876,11789.1846,10.97,,,,,
Atual_M2,KMeans,lloyd,k-means++,500.0,5.0,50.0,42.0,5,0.0,0.1613,1.853,785.7876,11789.1846,10.97,,,,,
Atual_M2,KMeans,lloyd,k-means++,500.0,6.0,20.0,42.0,6,0.0,0.1563,1.8837,698.1894,11155.007,10.1,,,,,
Atual_M2,KMeans,lloyd,k-means++,500.0,6.0,50.0,42.0,6,0.0,0.156,1.8806,698.2023,11154.8963,10.1,,,,,
Atual_M2,KMeans,lloyd,k-means++,500.0,7.0,20.0,42.0,7,0.0,0.1532,1.9786,628.6753,10689.5657,10.13,,,,,
Atual_M2,KMeans,lloyd,k-means++,500.0,7.0,50.0,42.0,7,0.0,0.153,1.9866,628.7098,10689.2388,10.13,,,,,
Atual_M2,KMeans,lloyd,k-means++,500.0,8.0,20.0,42.0,8,0.0,0.1427,2.0702,575.1498,10300.7702,10.1,,,,,
Atual_M2,KMeans,lloyd,k-means++,500.0,8.0,50.0,42.0,8,0.0,0.1427,2.0702,575.1498,10300.7702,10.1,,,,,
Atual_M2,KMeans,lloyd,k-means++,500.0,9.0,20.0,42.0,9,0.0,0.1333,2.0465,526.4095,10033.931,8.6,,,,,
Atual_M2,KMeans,lloyd,k-means++,500.0,9.0,50.0,42.0,9,0.0,0.1333,2.0465,526.4095,10033.931,8.6,,,,,
Atual_M2,KMeans,lloyd,k-means++,500.0,10.0,20.0,42.0,10,0.0,0.1299,2.0848,488.1811,9784.2093,7.57,,,,,
Atual_M2,KMeans,lloyd,k-means++,500.0,10.0,50.0,42.0,10,0.0,0.1299,2.0848,488.1811,9784.2093,7.57,,,,,
Atual_M2,MiniBatchKMeans,,k-means++,300.0,2.0,20.0,42.0,2,0.0,0.2792,1.404,1426.242,16376.4934,38.5,512.0,,,,
Atual_M2,MiniBatchKMeans,,k-means++,300.0,3.0,20.0,42.0,3,0.0,0.2151,1.6125,1143.7063,13711.7052,30.67,512.0,,,,
Atual_M2,MiniBatchKMeans,,k-means++,300.0,4.0,20.0,42.0,4,0.0,0.1901,1.8692,895.8125,12757.9665,16.43,512.0,,,,
Atual_M2,MiniBatchKMeans,,k-means++,300.0,5.0,20.0,42.0,5,0.0,0.1722,1.9603,742.361,12145.7386,11.8,512.0,,,,
Atual_M2,MiniBatchKMeans,,k-means++,300.0,6.0,20.0,42.0,6,0.0,0.1516,2.0427,673.1817,11408.3255,11.53,512.0,,,,
Atual_M2,MiniBatchKMeans,,k-means++,300.0,7.0,20.0,42.0,7,0.0,0.1358,2.1933,583.4475,11199.3241,9.53,512.0,,,,
Atual_M2,MiniBatchKMeans,,k-means++,300.0,8.0,20.0,42.0,8,0.0,0.1392,2.003,568.1467,10396.7768,8.47,512.0,,,,
Atual_M2,MiniBatchKMeans,,k-means++,300.0,9.0,20.0,42.0,9,0.0,0.1275,2.2199,498.3961,10401.8224,6.87,512.0,,,,
Atual_M2,MiniBatchKMeans,,k-means++,300.0,10.0,20.0,42.0,10,0.0,0.1325,2.1212,482.8517,9869.8499,5.47,512.0,,,,
Atual_M2,MiniBatchKMeans,,k-means++,300.0,2.0,20.0,42.0,2,0.0,0.2808,1.3959,1425.7027,16376.3963,37.43,2048.0,,,,
Atual_M2,MiniBatchKMeans,,k-means++,300.0,3.0,20.0,42.0,3,0.0,0.2149,1.6073,1142.0064,13716.3141,29.87,2048.0,,,,
Atual_M2,MiniBatchKMeans,,k-means++,300.0,4.0,20.0,42.0,4,0.0,0.1602,2.0098,882.4379,12843.5103,22.27,2048.0,,,,
Atual_M2,MiniBatchKMeans,,k-means++,300.0,5.0,20.0,42.0,5,0.0,0.1696,1.8298,784.5038,11805.5512,10.43,2048.0,,,,
Atual_M2,MiniBatchKMeans,,k-means++,300.0,6.0,20.0,42.0,6,0.0,0.1405,2.0104,671.8594,11429.7527,12.77,2048.0,,,,
Atual_M2,MiniBatchKMeans,,k-means++,300.0,7.0,20.0,42.0,7,0.0,0.1391,2.0885,615.7636,10846.117,10.43,2048.0,,,,
Atual_M2,MiniBatchKMeans,,k-means++,300.0,8.0,20.0,42.0,8,0.0,0.1412,2.306,550.3518,10572.4148,9.17,2048.0,,,,
Atual_M2,MiniBatchKMeans,,k-means++,300.0,9.0,20.0,42.0,9,0.0,0.1412,2.1422,519.9866,10125.826,7.93,2048.0,,,,
Atual_M2,MiniBatchKMeans,,k-means++,300.0,10.0,20.0,42.0,10,0.0,0.1297,2.1965,479.9398,9899.3059,6.27,2048.0,,,,
Atual_M2,BisectingKMeans,,k-means++,,2.0,10.0,42.0,2,0.0,0.2776,1.412,1426.3407,16372.3473,39.63,,,,,
Atual_M2,BisectingKMeans,,k-means++,,3.0,10.0,42.0,3,0.0,0.1984,1.6555,1063.3867,14132.6698,26.33,,,,,
Atual_M2,BisectingKMeans,,k-means++,,4.0,10.0,42.0,4,0.0,0.1641,1.9899,881.2839,12835.0975,17.83,,,,,
Atual_M2,BisectingKMeans,,k-means++,,5.0,10.0,42.0,5,0.0,0.1402,2.2325,728.0843,12249.8243,15.23,,,,,
Atual_M2,BisectingKMeans,,k-means++,,6.0,10.0,42.0,6,0.0,0.1415,2.2752,634.037,11735.4823,8.77,,,,,
Atual_M2,BisectingKMeans,,k-means++,,7.0,10.0,42.0,7,0.0,0.1433,2.1584,601.5784,10952.7892,8.77,,,,,
Atual_M2,BisectingKMeans,,k-means++,,8.0,10.0,42.0,8,0.0,0.1313,2.1992,544.0085,10630.9812,5.43,,,,,
Atual_M2,BisectingKMeans,,k-means++,,9.0,10.0,42.0,9,0.0,0.1145,2.2782,493.4855,10414.8078,5.43,,,,,
Atual_M2,BisectingKMeans,,k-means++,,10.0,10.0,42.0,10,0.0,0.1058,2.348,455.2564,10193.2901,5.43,,,,,
Atual_M2,GaussianMixture,,,,,5.0,42.0,2,0.0,0.1826,1.6164,850.4154,,31.4,,diag,2.0,,
Atual_M2,GaussianMixture,,,,,5.0,42.0,3,0.0,0.1454,1.681,706.3245,,14.47,,diag,3.0,,
Atual_M2,GaussianMixture,,,,,5.0,42.0,4,0.0,0.1655,2.1238,723.3254,,7.63,,diag,4.0,,
Atual_M2,GaussianMixture,,,,,5.0,42.0,5,0.0,0.0986,2.1161,500.1246,,10.43,,diag,5.0,,
Atual_M2,GaussianMixture,,,,,5.0,42.0,6,0.0,0.1135,2.1649,494.5896,,5.77,,diag,6.0,,
Atual_M2,GaussianMixture,,,,,5.0,42.0,7,0.0,0.0815,2.587,429.3652,,7.57,,diag,7.0,,
Atual_M2,GaussianMixture,,,,,5.0,42.0,8,0.0,0.0795,2.5604,380.6661,,3.87,,diag,8.0,,
Atual_M2,GaussianMixture,,,,,5.0,42.0,9,0.0,0.0691,2.7146,352.5413,,1.2,,diag,9.0,,
Atual_M2,GaussianMixture,,,,,5.0,42.0,10,0.0,0.0626,3.1245,301.8717,,1.63,,diag,10.0,,
Atual_M2,GaussianMixture,,,,,5.0,42.0,2,0.0,0.2773,1.4138,1425.964,,39.83,,spherical,2.0,,
Atual_M2,GaussianMixture,,,,,5.0,42.0,3,0.0,0.2145,1.5952,1138.7883,,28.07,,spherical,3.0,,
Atual_M2,GaussianMixture,,,,,5.0,42.0,4,0.0,0.1752,1.8852,895.4653,,16.97,,spherical,4.0,,
Atual_M2,GaussianMixture,,,,,5.0,42.0,5,0.0,0.1616,1.8131,770.1888,,9.63,,spherical,5.0,,
Atual_M2,GaussianMixture,,,,,5.0,42.0,6,0.0,0.15,1.8021,688.9203,,9.67,,spherical,6.0,,
Atual_M2,GaussianMixture,,,,,5.0,42.0,7,0.0,0.1425,1.96,620.0833,,9.8,,spherical,7.0,,
Atual_M2,GaussianMixture,,,,,5.0,42.0,8,0.0,0.1244,2.0069,566.0854,,8.07,,spherical,8.0,,
Atual_M2,GaussianMixture,,,,,5.0,42.0,9,0.0,0.1194,2.0702,518.6776,,7.67,,spherical,9.0,,
Atual_M2,GaussianMixture,,,,,5.0,42.0,10,0.0,0.1217,2.0552,483.4993,,6.93,,spherical,10.0,,
Atual_M2,Birch,,,,2.0,,,2,0.0,0.2653,1.4268,1269.2462,,33.1,,,,25.0,0.05
Atual_M2,Birch,,,,2.0,,,2,0.0,0.2542,1.5052,1253.9159,,40.03,,,,25.0,0.1
Atual_M2,Birch,,,,2.0,,,2,0.0,0.2511,1.5134,1203.6627,,37.27,,,,25.0,0.25
Atual_M2,Birch,,,,2.0,,,2,0.0,0.2517,1.5191,1229.7787,,39.83,,,,25.0,0.5
Atual_M2,Birch,,,,3.0,,,3,0.0,0.1929,1.6098,999.7169,,21.0,,,,25.0,0.05
Atual_M2,Birch,,,,3.0,,,3,0.0,0.1952,1.5632,983.8513,,21.13,,,,25.0,0.1
Atual_M2,Birch,,,,3.0,,,3,0.0,0.1941,1.5661,972.3798,,21.0,,,,25.0,0.25
Atual_M2,Birch,,,,3.0,,,3,0.0,0.1917,1.5892,985.2832,,23.8,,,,25.0,0.5
Atual_M2,Birch,,,,4.0,,,4,0.0,0.1725,2.0666,787.893,,21.0,,,,25.0,0.05
Atual_M2,Birch,,,,4.0,,,4,0.0,0.1558,1.8856,816.2623,,14.0,,,,25.0,0.1
Atual_M2,Birch,,,,4.0,,,4,0.0,0.1658,1.9009,769.6577,,10.73,,,,25.0,0.25
Atual_M2,Birch,,,,4.0,,,4,0.0,0.1553,2.0776,809.2016,,18.7,,,,25.0,0.5
Atual_M2,Birch,,,,5.0,,,5,0.0,0.1363,2.2401,682.091,,12.83,,,,25.0,0.05
Atual_M2,Birch,,,,5.0,,,5,0.0,0.1332,2.1106,699.6809,,14.0,,,,25.0,0.1
Atual_M2,Birch,,,,5.0,,,5,0.0,0.1226,2.2794,649.1384,,10.73,,,,25.0,0.25
Atual_M2,Birch,,,,5.0,,,5,0.0,0.1223,2.2536,677.3281,,14.53,,,,25.0,0.5
Atual_M2,Birch,,,,6.0,,,6,0.0,0.1167,2.2559,599.1134,,11.03,,,,25.0,0.05
Atual_M2,Birch,,,,6.0,,,6,0.0,0.1348,2.3044,609.7733,,9.87,,,,25.0,0.1
Atual_M2,Birch,,,,6.0,,,6,0.0,0.1075,2.2455,578.0245,,7.47,,,,25.0,0.25
Atual_M2,Birch,,,,6.0,,,6,0.0,0.1157,2.3579,587.3482,,9.5,,,,25.0,0.5
Atual_M2,Birch,,,,7.0,,,7,0.0,0.1165,2.151,535.3563,,5.77,,,,25.0,0.05
Atual_M2,Birch,,,,7.0,,,7,0.0,0.1253,2.1798,562.0336,,8.67,,,,25.0,0.1
Atual_M2,Birch,,,,7.0,,,7,0.0,0.1122,2.2439,519.9513,,7.47,,,,25.0,0.25
Atual_M2,Birch,,,,7.0,,,7,0.0,0.1106,2.3255,521.0043,,6.33,,,,25.0,0.5
Atual_M2,Birch,,,,8.0,,,8,0.0,0.1142,2.0773,506.3463,,5.77,,,,25.0,0.05
Atual_M2,Birch,,,,8.0,,,8,0.0,0.1097,2.2312,507.5901,,7.8,,,,25.0,0.1
Atual_M2,Birch,,,,8.0,,,8,0.0,0.1088,2.3596,470.6523,,6.23,,,,25.0,0.25
Atual_M2,Birch,,,,8.0,,,8,0.0,0.1066,2.2295,498.7965,,6.33,,,,25.0,0.5
Atual_M2,Birch,,,,9.0,,,9,0.0,0.101,2.1636,466.4207,,5.77,,,,25.0,0.05
Atual_M2,Birch,,,,9.0,,,9,0.0,0.1107,2.3406,461.8633,,7.2,,,,25.0,0.1
Atual_M2,Birch,,,,9.0,,,9,0.0,0.1001,2.2669,451.9131,,6.23,,,,25.0,0.25
Atual_M2,Birch,,,,9.0,,,9,0.0,0.1091,2.2414,453.2838,,3.9,,,,25.0,0.5
Atual_M2,Birch,,,,10.0,,,10,0.0,0.1047,2.2892,428.792,,4.47,,,,25.0,0.05
Atual_M2,Birch,,,,10.0,,,10,0.0,0.1082,2.4116,428.575,,7.2,,,,25.0,0.1
Atual_M2,Birch,,,,10.0,,,10,0.0,0.098,2.3492,416.2629,,6.23,,,,25.0,0.25
Atual_M2,Birch,,,,10.0,,,10,0.0,0.0988,2.2611,423.6151,,3.9,,,,25.0,0.5
Atual_M2,Birch,,,,2.0,,,2,0.0,0.2432,1.55,1204.8163,,43.1,,,,50.0,0.05
Atual_M2,Birch,,,,2.0,,,2,0.0,0.2433,1.5303,1246.2293,,48.57,,,,50.0,0.1
Atual_M2,Birch,,,,2.0,,,2,0.0,0.2581,1.4777,1227.5023,,35.13,,,,50.0,0.25
Atual_M2,Birch,,,,2.0,,,2,0.0,0.255,1.4975,1223.3958,,36.77,,,,50.0,0.5
Atual_M2,Birch,,,,3.0,,,3,0.0,0.1873,1.574,938.4192,,21.07,,,,50.0,0.05
Atual_M2,Birch,,,,3.0,,,3,0.0,0.1687,1.9192,885.9327,,16.53,,,,50.0,0.1
Atual_M2,Birch,,,,3.0,,,3,0.0,0.1886,1.672,989.6281,,26.83,,,,50.0,0.25
Atual_M2,Birch,,,,3.0,,,3,0.0,0.1871,1.6777,981.0276,,27.1,,,,50.0,0.5
Atual_M2,Birch,,,,4.0,,,4,0.0,0.1552,1.9548,805.6865,,17.7,,,,50.0,0.05
Atual_M2,Birch,,,,4.0,,,4,0.0,0.1464,1.9426,814.319,,16.53,,,,50.0,0.1
Atual_M2,Birch,,,,4.0,,,4,0.0,0.1552,2.0292,781.2475,,14.87,,,,50.0,0.25
Atual_M2,Birch,,,,4.0,,,4,0.0,0.1555,2.0728,783.973,,16.13,,,,50.0,0.5
Atual_M2,Birch,,,,5.0,,,5,0.0,0.1315,2.0479,696.1993,,15.1,,,,50.0,0.05
Atual_M2,Birch,,,,5.0,,,5,0.0,0.1479,2.044,688.159,,10.03,,,,50.0,0.1
Atual_M2,Birch,,,,5.0,,,5,0.0,0.1285,2.2124,688.4091,,14.87,,,,50.0,0.25
Atual_M2,Birch,,,,5.0,,,5,0.0,0.1213,2.1975,680.0808,,15.53,,,,50.0,0.5
Atual_M2,Birch,,,,6.0,,,6,0.0,0.1313,2.2992,605.4692,,11.1,,,,50.0,0.05
Atual_M2,Birch,,,,6.0,,,6,0.0,0.1254,2.1441,607.6697,,10.03,,,,50.0,0.1
Atual_M2,Birch,,,,6.0,,,6,0.0,0.1253,2.2338,600.2027,,9.63,,,,50.0,0.25
Atual_M2,Birch,,,,6.0,,,6,0.0,0.1182,2.2554,596.0213,,9.13,,,,50.0,0.5
Atual_M2,Birch,,,,7.0,,,7,0.0,0.1253,2.1839,556.4153,,7.97,,,,50.0,0.05
Atual_M2,Birch,,,,7.0,,,7,0.0,0.1206,2.3661,538.2157,,10.03,,,,50.0,0.1
Atual_M2,Birch,,,,7.0,,,7,0.0,0.1131,2.2732,536.9845,,9.63,,,,50.0,0.25
Atual_M2,Birch,,,,7.0,,,7,0.0,0.1151,2.1764,529.5936,,6.0,,,,50.0,0.5
Atual_M2,Birch,,,,8.0,,,8,0.0,0.107,2.2507,504.3886,,7.0,,,,50.0,0.05
Atual_M2,Birch,,,,8.0,,,8,0.0,0.1175,2.2548,510.9039,,9.43,,,,50.0,0.1
Atual_M2,Birch,,,,8.0,,,8,0.0,0.1083,2.1637,509.1581,,9.63,,,,50.0,0.25
Atual_M2,Birch,,,,8.0,,,8,0.0,0.1083,2.3055,484.432,,6.0,,,,50.0,0.5
Atual_M2,Birch,,,,9.0,,,9,0.0,0.0956,2.315,464.4183,,7.0,,,,50.0,0.05
Atual_M2,Birch,,,,9.0,,,9,0.0,0.1049,2.3181,469.8684,,8.0,,,,50.0,0.1
Atual_M2,Birch,,,,9.0,,,9,0.0,0.0942,2.3162,461.3865,,6.13,,,,50.0,0.25
Atual_M2,Birch,,,,9.0,,,9,0.0,0.1067,2.3289,440.893,,3.77,,,,50.0,0.5
Atual_M2,Birch,,,,10.0,,,10,0.0,0.0994,2.335,429.9154,,6.33,,,,50.0,0.05
Atual_M2,Birch,,,,10.0,,,10,0.0,0.1022,2.2634,435.3096,,5.33,,,,50.0,0.1
Atual_M2,Birch,,,,10.0,,,10,0.0,0.0928,2.3867,423.3692,,5.03,,,,50.0,0.25
Atual_M2,Birch,,,,10.0,,,10,0.0,0.1026,2.2445,432.7721,,3.77,,,,50.0,0.5
Atual_M2_PCA80,KMeans,lloyd,k-means++,300.0,2.0,20.0,42.0,2,0.0,0.3307,1.1974,1928.5127,12106.3148,39.13,,,,,
Atual_M2_PCA80,KMeans,lloyd,k-means++,300.0,2.0,50.0,42.0,2,0.0,0.3307,1.1974,1928.5127,12106.3148,39.13,,,,,
Atual_M2_PCA80,KMeans,lloyd,k-means++,300.0,3.0,20.0,42.0,3,0.0,0.2722,1.3263,1651.5259,9463.7436,30.63,,,,,
Atual_M2_PCA80,KMeans,lloyd,k-means++,300.0,3.0,50.0,42.0,3,0.0,0.2722,1.3263,1651.5259,9463.7436,30.63,,,,,
Atual_M2_PCA80,KMeans,lloyd,k-means++,300.0,4.0,20.0,42.0,4,0.0,0.2283,1.5558,1342.7032,8485.3815,18.47,,,,,
Atual_M2_PCA80,KMeans,lloyd,k-means++,300.0,4.0,50.0,42.0,4,0.0,0.2283,1.5558,1342.7032,8485.3815,18.47,,,,,
Atual_M2_PCA80,KMeans,lloyd,k-means++,300.0,5.0,20.0,42.0,5,0.0,0.2129,1.5157,1198.1756,7650.8099,11.27,,,,,
Atual_M2_PCA80,KMeans,lloyd,k-means++,300.0,5.0,50.0,42.0,5,0.0,0.2129,1.5157,1198.1756,7650.8099,11.27,,,,,
Atual_M2_PCA80,KMeans,lloyd,k-means++,300.0,6.0,20.0,42.0,6,0.0,0.2088,1.524,1091.9802,7045.5605,10.7,,,,,
Atual_M2_PCA80,KMeans,lloyd,k-means++,300.0,6.0,50.0,42.0,6,0.0,0.2088,1.524,1091.9802,7045.5605,10.7,,,,,
Atual_M2_PCA80,KMeans,lloyd,k-means++,300.0,7.0,20.0,42.0,7,0.0,0.2125,1.5632,1002.0019,6612.1452,10.6,,,,,
Atual_M2_PCA80,KMeans,lloyd,k-means++,300.0,7.0,50.0,42.0,7,0.0,0.2123,1.5629,1002.0212,6612.0602,10.73,,,,,
Atual_M2_PCA80,KMeans,lloyd,k-means++,300.0,8.0,20.0,42.0,8,0.0,0.1991,1.5887,933.8307,6246.631,9.4,,,,,
Atual_M2_PCA80,KMeans,lloyd,k-means++,300.0,8.0,50.0,42.0,8,0.0,0.1991,1.5856,933.838,6246.5512,9.17,,,,,
Atual_M2_PCA80,KMeans,lloyd,k-means++,300.0,9.0,20.0,42.0,9,0.0,0.1974,1.6283,864.0049,6008.5248,7.6,,,,,
Atual_M2_PCA80,KMeans,lloyd,k-means++,300.0,9.0,50.0,42.0,9,0.0,0.1974,1.6283,864.0049,6008.5248,7.6,,,,,
Atual_M2_PCA80,KMeans,lloyd,k-means++,300.0,10.0,20.0,42.0,10,0.0,0.1799,1.6416,808.6525,5793.1222,7.57,,,,,
Atual_M2_PCA80,KMeans,lloyd,k-means++,300.0,10.0,50.0,42.0,10,0.0,0.1805,1.6428,808.8098,5792.2966,7.8,,,,,
Atual_M2_PCA80,KMeans,lloyd,k-means++,500.0,2.0,20.0,42.0,2,0.0,0.3307,1.1974,1928.5127,12106.3148,39.13,,,,,
Atual_M2_PCA80,KMeans,lloyd,k-means++,500.0,2.0,50.0,42.0,2,0.0,0.3307,1.1974,1928.5127,12106.3148,39.13,,,,,
Atual_M2_PCA80,KMeans,lloyd,k-means++,500.0,3.0,20.0,42.0,3,0.0,0.2722,1.3263,1651.5259,9463.7436,30.63,,,,,
Atual_M2_PCA80,KMeans,lloyd,k-means++,500.0,3.0,50.0,42.0,3,0.0,0.2722,1.3263,1651.5259,9463.7436,30.63,,,,,
Atual_M2_PCA80,KMeans,lloyd,k-means++,500.0,4.0,20.0,42.0,4,0.0,0.2283,1.5558,1342.7032,8485.3815,18.47,,,,,
Atual_M2_PCA80,KMeans,lloyd,k-means++,500.0,4.0,50.0,42.0,4,0.0,0.2283,1.5558,1342.7032,8485.3815,18.47,,,,,
Atual_M2_PCA80,KMeans,lloyd,k-means++,500.0,5.0,20.0,42.0,5,0.0,0.2129,1.5157,1198.1756,7650.8099,11.27,,,,,
Atual_M2_PCA80,KMeans,lloyd,k-means++,500.0,5.0,50.0,42.0,5,0.0,0.2129,1.5157,1198.1756,7650.8099,11.27,,,,,
Atual_M2_PCA80,KMeans,lloyd,k-means++,500.0,6.0,20.0,42.0,6,0.0,0.2088,1.524,1091.9802,7045.5605,10.7,,,,,
Atual_M2_PCA80,KMeans,lloyd,k-means++,500.0,6.0,50.0,42.0,6,0.0,0.2088,1.524,1091.9802,7045.5605,10.7,,,,,
Atual_M2_PCA80,KMeans,lloyd,k-means++,500.0,7.0,20.0,42.0,7,0.0,0.2125,1.5632,1002.0019,6612.1452,10.6,,,,,
Atual_M2_PCA80,KMeans,lloyd,k-means++,500.0,7.0,50.0,42.0,7,0.0,0.2123,1.5629,1002.0212,6612.0602,10.73,,,,,
Atual_M2_PCA80,KMeans,lloyd,k-means++,500.0,8.0,20.0,42.0,8,0.0,0.1991,1.5887,933.8307,6246.631,9.4,,,,,
Atual_M2_PCA80,KMeans,lloyd,k-means++,500.0,8.0,50.0,42.0,8,0.0,0.1991,1.5856,933.838,6246.5512,9.17,,,,,
Atual_M2_PCA80,KMeans,lloyd,k-means++,500.0,9.0,20.0,42.0,9,0.0,0.1974,1.6283,864.0049,6008.5248,7.6,,,,,
Atual_M2_PCA80,KMeans,lloyd,k-means++,500.0,9.0,50.0,42.0,9,0.0,0.1974,1.6283,864.0049,6008.5248,7.6,,,,,
Atual_M2_PCA80,KMeans,lloyd,k-means++,500.0,10.0,20.0,42.0,10,0.0,0.1799,1.6416,808.6525,5793.1222,7.57,,,,,
Atual_M2_PCA80,KMeans,lloyd,k-means++,500.0,10.0,50.0,42.0,10,0.0,0.1805,1.6428,808.8098,5792.2966,7.8,,,,,
Atual_M2_PCA80,MiniBatchKMeans,,k-means++,300.0,2.0,20.0,42.0,2,0.0,0.3294,1.2022,1928.0677,12110.4737,39.9,512.0,,,,
Atual_M2_PCA80,MiniBatchKMeans,,k-means++,300.0,3.0,20.0,42.0,3,0.0,0.2703,1.3157,1609.9894,9680.5567,25.83,512.0,,,,
Atual_M2_PCA80,MiniBatchKMeans,,k-means++,300.0,4.0,20.0,42.0,4,0.0,0.2169,1.5948,1331.7487,8535.1914,20.5,512.0,,,,
Atual_M2_PCA80,MiniBatchKMeans,,k-means++,300.0,5.0,20.0,42.0,5,0.0,0.2053,1.5484,1186.2171,7713.584,12.67,512.0,,,,
Atual_M2_PCA80,MiniBatchKMeans,,k-means++,300.0,6.0,20.0,42.0,6,0.0,0.2033,1.6704,1048.9165,7248.1074,12.13,512.0,,,,
Atual_M2_PCA80,MiniBatchKMeans,,k-means++,300.0,7.0,20.0,42.0,7,0.0,0.2062,1.6037,996.538,6647.0165,10.17,512.0,,,,
Atual_M2_PCA80,MiniBatchKMeans,,k-means++,300.0,8.0,20.0,42.0,8,0.0,0.1967,1.6115,912.0405,6381.6461,8.53,512.0,,,,
Atual_M2_PCA80,MiniBatchKMeans,,k-means++,300.0,9.0,20.0,42.0,9,0.0,0.1797,1.7094,849.9565,6103.6711,8.63,512.0,,,,
Atual_M2_PCA80,MiniBatchKMeans,,k-means++,300.0,10.0,20.0,42.0,10,0.0,0.1772,1.6502,798.1673,5871.6714,6.9,512.0,,,,
Atual_M2_PCA80,MiniBatchKMeans,,k-means++,300.0,2.0,20.0,42.0,2,0.0,0.3258,1.2149,1920.1172,12141.7207,42.03,2048.0,,,,
Atual_M2_PCA80,MiniBatchKMeans,,k-means++,300.0,3.0,20.0,42.0,3,0.0,0.2693,1.3391,1638.1685,9528.8243,29.7,2048.0,,,,
Atual_M2_PCA80,MiniBatchKMeans,,k-means++,300.0,4.0,20.0,42.0,4,0.0,0.2475,1.4525,1289.1289,8689.5526,17.0,2048.0,,,,
Atual_M2_PCA80,MiniBatchKMeans,,k-means++,300.0,5.0,20.0,42.0,5,0.0,0.2054,1.5913,1170.0601,7772.8348,12.73,2048.0,,,,
Atual_M2_PCA80,MiniBatchKMeans,,k-means++,300.0,6.0,20.0,42.0,6,0.0,0.1858,1.6576,1058.9964,7195.1354,11.07,2048.0,,,,
Atual_M2_PCA80,MiniBatchKMeans,,k-means++,300.0,7.0,20.0,42.0,7,0.0,0.2112,1.5864,999.1612,6632.3601,10.87,2048.0,,,,
Atual_M2_PCA80,MiniBatchKMeans,,k-means++,300.0,8.0,20.0,42.0,8,0.0,0.1845,1.6887,890.8936,6466.6201,7.83,2048.0,,,,
Atual_M2_PCA80,MiniBatchKMeans,,k-means++,300.0,9.0,20.0,42.0,9,0.0,0.1688,1.6385,835.2021,6166.1996,7.17,2048.0,,,,
Atual_M2_PCA80,MiniBatchKMeans,,k-means++,300.0,10.0,20.0,42.0,10,0.0,0.1696,1.779,758.2169,6084.9375,4.2,2048.0,,,,
Atual_M2_PCA80,BisectingKMeans,,k-means++,,2.0,10.0,42.0,2,0.0,0.3307,1.1974,1928.5127,12106.3148,39.13,,,,,
Atual_M2_PCA80,BisectingKMeans,,k-means++,,3.0,10.0,42.0,3,0.0,0.2522,1.3648,1529.087,9846.4725,28.0,,,,,
Atual_M2_PCA80,BisectingKMeans,,k-means++,,4.0,10.0,42.0,4,0.0,0.2126,1.6267,1305.9582,8620.6689,17.83,,,,,
Atual_M2_PCA80,BisectingKMeans,,k-means++,,5.0,10.0,42.0,5,0.0,0.1772,1.842,1083.7036,8128.7578,13.93,,,,,
Atual_M2_PCA80,BisectingKMeans,,k-means++,,6.0,10.0,42.0,6,0.0,0.1859,1.7432,1014.4603,7384.0953,11.17,,,,,
Atual_M2_PCA80,BisectingKMeans,,k-means++,,7.0,10.0,42.0,7,0.0,0.1882,1.7367,940.6847,6893.9375,8.07,,,,,
Atual_M2_PCA80,BisectingKMeans,,k-means++,,8.0,10.0,42.0,8,0.0,0.1777,1.7768,863.4925,6587.0852,5.6,,,,,
Atual_M2_PCA80,BisectingKMeans,,k-means++,,9.0,10.0,42.0,9,0.0,0.1579,1.7649,793.8923,6369.4195,5.6,,,,,
Atual_M2_PCA80,BisectingKMeans,,k-means++,,10.0,10.0,42.0,10,0.0,0.1473,1.8394,735.7276,6188.82,5.6,,,,,
Atual_M2_PCA80,GaussianMixture,,,,,5.0,42.0,2,0.0,0.2118,1.3062,884.2356,,22.17,,diag,2.0,,
Atual_M2_PCA80,GaussianMixture,,,,,5.0,42.0,3,0.0,0.2026,1.4469,1017.8277,,23.77,,diag,3.0,,
Atual_M2_PCA80,GaussianMixture,,,,,5.0,42.0,4,0.0,0.1344,1.4151,582.7341,,7.23,,diag,4.0,,
Atual_M2_PCA80,GaussianMixture,,,,,5.0,42.0,5,0.0,0.1413,1.5974,799.3416,,7.27,,diag,5.0,,
Atual_M2_PCA80,GaussianMixture,,,,,5.0,42.0,6,0.0,0.1229,1.4859,729.4757,,7.23,,diag,6.0,,
Atual_M2_PCA80,GaussianMixture,,,,,5.0,42.0,7,0.0,0.1203,1.7386,697.0749,,5.17,,diag,7.0,,
Atual_M2_PCA80,GaussianMixture,,,,,5.0,42.0,8,0.0,0.1111,1.6022,733.3497,,5.77,,diag,8.0,,
Atual_M2_PCA80,GaussianMixture,,,,,5.0,42.0,9,0.0,0.1209,1.7657,654.178,,5.53,,diag,9.0,,
Atual_M2_PCA80,GaussianMixture,,,,,5.0,42.0,10,0.0,0.0512,1.852,580.424,,2.63,,diag,10.0,,
Atual_M2_PCA80,GaussianMixture,,,,,5.0,42.0,2,0.0,0.334,1.182,1925.3482,,36.83,,spherical,2.0,,
Atual_M2_PCA80,GaussianMixture,,,,,5.0,42.0,3,0.0,0.2715,1.3154,1643.3494,,29.6,,spherical,3.0,,
Atual_M2_PCA80,GaussianMixture,,,,,5.0,42.0,4,0.0,0.2405,1.2556,1277.0496,,9.97,,spherical,4.0,,
Atual_M2_PCA80,GaussianMixture,,,,,5.0,42.0,5,0.0,0.2116,1.4577,1172.6785,,9.5,,spherical,5.0,,
Atual_M2_PCA80,GaussianMixture,,,,,5.0,42.0,6,0.0,0.2042,1.4579,1075.3088,,9.83,,spherical,6.0,,
Atual_M2_PCA80,GaussianMixture,,,,,5.0,42.0,7,0.0,0.1955,1.5818,979.1333,,10.03,,spherical,7.0,,
Atual_M2_PCA80,GaussianMixture,,,,,5.0,42.0,8,0.0,0.1772,1.6025,906.6185,,7.83,,spherical,8.0,,
Atual_M2_PCA80,GaussianMixture,,,,,5.0,42.0,9,0.0,0.1619,1.6427,792.1584,,6.27,,spherical,9.0,,
Atual_M2_PCA80,GaussianMixture,,,,,5.0,42.0,10,0.0,0.1476,1.63,761.0161,,4.87,,spherical,10.0,,
Atual_M2_PCA80,Birch,,,,2.0,,,2,0.0,0.2873,1.2977,1333.8013,,28.0,,,,25.0,0.05
Atual_M2_PCA80,Birch,,,,2.0,,,2,0.0,0.3115,1.1959,1497.9702,,26.67,,,,25.0,0.1
Atual_M2_PCA80,Birch,,,,2.0,,,2,0.0,0.2932,1.2956,1687.3939,,49.1,,,,25.0,0.25
Atual_M2_PCA80,Birch,,,,2.0,,,2,0.0,0.3083,1.2545,1652.2238,,35.07,,,,25.0,0.5
Atual_M2_PCA80,Birch,,,,3.0,,,3,0.0,0.2415,1.3818,1369.4646,,28.0,,,,25.0,0.05
Atual_M2_PCA80,Birch,,,,3.0,,,3,0.0,0.2422,1.3504,1433.7104,,26.67,,,,25.0,0.1
Atual_M2_PCA80,Birch,,,,3.0,,,3,0.0,0.2148,1.5958,1283.9636,,18.03,,,,25.0,0.25
Atual_M2_PCA80,Birch,,,,3.0,,,3,0.0,0.2389,1.3903,1412.8432,,27.43,,,,25.0,0.5
Atual_M2_PCA80,Birch,,,,4.0,,,4,0.0,0.2233,1.4926,1138.7196,,11.27,,,,25.0,0.05
Atual_M2_PCA80,Birch,,,,4.0,,,4,0.0,0.1736,1.8196,1145.8677,,23.13,,,,25.0,0.1
Atual_M2_PCA80,Birch,,,,4.0,,,4,0.0,0.2052,1.5531,1052.8619,,13.5,,,,25.0,0.25
Atual_M2_PCA80,Birch,,,,4.0,,,4,0.0,0.2099,1.5393,1143.9327,,9.7,,,,25.0,0.5
Atual_M2_PCA80,Birch,,,,5.0,,,5,0.0,0.1771,1.7937,986.6419,,11.27,,,,25.0,0.05
Atual_M2_PCA80,Birch,,,,5.0,,,5,0.0,0.1623,1.8533,996.8783,,9.9,,,,25.0,0.1
Atual_M2_PCA80,Birch,,,,5.0,,,5,0.0,0.183,1.6783,1047.1775,,13.5,,,,25.0,0.25
Atual_M2_PCA80,Birch,,,,5.0,,,5,0.0,0.1917,1.5579,971.9946,,7.77,,,,25.0,0.5
Atual_M2_PCA80,Birch,,,,6.0,,,6,0.0,0.1711,1.7002,927.27,,8.53,,,,25.0,0.05
Atual_M2_PCA80,Birch,,,,6.0,,,6,0.0,0.153,1.7832,921.7958,,9.9,,,,25.0,0.1
Atual_M2_PCA80,Birch,,,,6.0,,,6,0.0,0.1556,1.7604,903.5021,,7.63,,,,25.0,0.25
Atual_M2_PCA80,Birch,,,,6.0,,,6,0.0,0.1748,1.8074,872.6802,,7.77,,,,25.0,0.5
Atual_M2_PCA80,Birch,,,,7.0,,,7,0.0,0.1782,1.643,863.3885,,8.53,,,,25.0,0.05
Atual_M2_PCA80,Birch,,,,7.0,,,7,0.0,0.155,1.6911,848.7598,,9.9,,,,25.0,0.1
Atual_M2_PCA80,Birch,,,,7.0,,,7,0.0,0.1493,1.6911,860.2528,,7.63,,,,25.0,0.25
Atual_M2_PCA80,Birch,,,,7.0,,,7,0.0,0.1373,1.7886,797.6876,,6.1,,,,25.0,0.5
Atual_M2_PCA80,Birch,,,,8.0,,,8,0.0,0.1643,1.6714,798.8443,,8.53,,,,25.0,0.05
Atual_M2_PCA80,Birch,,,,8.0,,,8,0.0,0.1366,1.7534,773.7031,,6.9,,,,25.0,0.1
Atual_M2_PCA80,Birch,,,,8.0,,,8,0.0,0.1387,1.734,794.9554,,6.57,,,,25.0,0.25
Atual_M2_PCA80,Birch,,,,8.0,,,8,0.0,0.1232,1.7667,737.0531,,6.1,,,,25.0,0.5
Atual_M2_PCA80,Birch,,,,9.0,,,9,0.0,0.1537,1.7125,751.2772,,6.77,,,,25.0,0.05
Atual_M2_PCA80,Birch,,,,9.0,,,9,0.0,0.1323,1.9129,716.6726,,6.9,,,,25.0,0.1
Atual_M2_PCA80,Birch,,,,9.0,,,9,0.0,0.1416,1.7683,754.9227,,6.57,,,,25.0,0.25
Atual_M2_PCA80,Birch,,,,9.0,,,9,0.0,0.115,1.8174,670.1931,,4.33,,,,25.0,0.5
Atual_M2_PCA80,Birch,,,,10.0,,,10,0.0,0.1547,1.7983,705.596,,5.6,,,,25.0,0.05
Atual_M2_PCA80,Birch,,,,10.0,,,10,0.0,0.1331,1.8013,668.3669,,4.93,,,,25.0,0.1
Atual_M2_PCA80,Birch,,,,10.0,,,10,0.0,0.1447,1.83,704.7123,,4.57,,,,25.0,0.25
Atual_M2_PCA80,Birch,,,,10.0,,,10,0.0,0.112,1.9704,625.2926,,4.33,,,,25.0,0.5
Atual_M2_PCA80,Birch,,,,2.0,,,2,0.0,0.2924,1.2935,1412.4292,,30.0,,,,50.0,0.05
Atual_M2_PCA80,Birch,,,,2.0,,,2,0.0,0.2838,1.3241,1615.6221,,49.37,,,,50.0,0.1
Atual_M2_PCA80,Birch,,,,2.0,,,2,0.0,0.3092,1.0562,1247.2921,,17.63,,,,50.0,0.25
Atual_M2_PCA80,Birch,,,,2.0,,,2,0.0,0.3242,1.0697,1433.7969,,20.37,,,,50.0,0.5
Atual_M2_PCA80,Birch,,,,3.0,,,3,0.0,0.2391,1.3567,1376.3896,,27.43,,,,50.0,0.05
Atual_M2_PCA80,Birch,,,,3.0,,,3,0.0,0.2171,1.4909,1299.3502,,24.6,,,,50.0,0.1
Atual_M2_PCA80,Birch,,,,3.0,,,3,0.0,0.2114,1.4906,1279.1319,,17.63,,,,50.0,0.25
Atual_M2_PCA80,Birch,,,,3.0,,,3,0.0,0.2291,1.4533,1397.8588,,20.37,,,,50.0,0.5
Atual_M2_PCA80,Birch,,,,4.0,,,4,0.0,0.2164,1.5204,1138.2091,,12.53,,,,50.0,0.05
Atual_M2_PCA80,Birch,,,,4.0,,,4,0.0,0.1656,1.8131,1114.5982,,22.9,,,,50.0,0.1
Atual_M2_PCA80,Birch,,,,4.0,,,4,0.0,0.2194,1.5726,1106.117,,14.9,,,,50.0,0.25
Atual_M2_PCA80,Birch,,,,4.0,,,4,0.0,0.2224,1.6376,1143.5726,,12.93,,,,50.0,0.5
Atual_M2_PCA80,Birch,,,,5.0,,,5,0.0,0.1742,1.7374,1014.4125,,12.53,,,,50.0,0.05
Atual_M2_PCA80,Birch,,,,5.0,,,5,0.0,0.1567,1.7813,963.6456,,7.9,,,,50.0,0.1
Atual_M2_PCA80,Birch,,,,5.0,,,5,0.0,0.1667,1.6398,986.2662,,14.8,,,,50.0,0.25
Atual_M2_PCA80,Birch,,,,5.0,,,5,0.0,0.1717,1.6731,1003.3438,,12.93,,,,50.0,0.5
Atual_M2_PCA80,Birch,,,,6.0,,,6,0.0,0.1622,1.6972,935.6262,,11.47,,,,50.0,0.05
Atual_M2_PCA80,Birch,,,,6.0,,,6,0.0,0.1519,1.7036,892.5285,,7.9,,,,50.0,0.1
Atual_M2_PCA80,Birch,,,,6.0,,,6,0.0,0.1519,1.789,907.8321,,9.73,,,,50.0,0.25
Atual_M2_PCA80,Birch,,,,6.0,,,6,0.0,0.155,1.7569,912.7106,,10.9,,,,50.0,0.5
Atual_M2_PCA80,Birch,,,,7.0,,,7,0.0,0.1645,1.6054,856.9143,,10.03,,,,50.0,0.05
Atual_M2_PCA80,Birch,,,,7.0,,,7,0.0,0.1492,1.6327,820.3947,,7.9,,,,50.0,0.1
Atual_M2_PCA80,Birch,,,,7.0,,,7,0.0,0.1384,1.8442,809.4255,,7.53,,,,50.0,0.25
Atual_M2_PCA80,Birch,,,,7.0,,,7,0.0,0.1539,1.7869,799.7444,,4.87,,,,50.0,0.5
Atual_M2_PCA80,Birch,,,,8.0,,,8,0.0,0.1445,1.6477,792.3124,,6.83,,,,50.0,0.05
Atual_M2_PCA80,Birch,,,,8.0,,,8,0.0,0.1425,1.8114,759.5753,,6.27,,,,50.0,0.1
Atual_M2_PCA80,Birch,,,,8.0,,,8,0.0,0.1405,1.7719,790.3495,,7.53,,,,50.0,0.25
Atual_M2_PCA80,Birch,,,,8.0,,,8,0.0,0.139,1.9127,735.7009,,4.87,,,,50.0,0.5
Atual_M2_PCA80,Birch,,,,9.0,,,9,0.0,0.1415,1.7915,737.2583,,6.83,,,,50.0,0.05
Atual_M2_PCA80,Birch,,,,9.0,,,9,0.0,0.1376,1.8172,716.1737,,6.27,,,,50.0,0.1
Atual_M2_PCA80,Birch,,,,9.0,,,9,0.0,0.1408,1.8189,733.575,,5.57,,,,50.0,0.25
Atual_M2_PCA80,Birch,,,,9.0,,,9,0.0,0.136,1.8113,679.3563,,3.73,,,,50.0,0.5
Atual_M2_PCA80,Birch,,,,10.0,,,10,0.0,0.1399,1.6938,683.9072,,3.87,,,,50.0,0.05
Atual_M2_PCA80,Birch,,,,10.0,,,10,0.0,0.1441,1.7815,676.8905,,5.37,,,,50.0,0.1
Atual_M2_PCA80,Birch,,,,10.0,,,10,0.0,0.1372,1.8444,704.812,,5.57,,,,50.0,0.25
Atual_M2_PCA80,Birch,,,,10.0,,,10,0.0,0.1269,1.8785,644.8226,,3.73,,,,50.0,0.5
Atual_M2_PCA90,KMeans,lloyd,k-means++,300.0,2.0,20.0,42.0,2,0.0,0.3035,1.2991,1659.1814,14072.5899,39.1,,,,,
Atual_M2_PCA90,KMeans,lloyd,k-means++,300.0,2.0,50.0,42.0,2,0.0,0.3035,1.2991,1659.1814,14072.5899,39.1,,,,,
Atual_M2_PCA90,KMeans,lloyd,k-means++,300.0,3.0,20.0,42.0,3,0.0,0.2414,1.467,1369.27,11422.9561,30.6,,,,,
Atual_M2_PCA90,KMeans,lloyd,k-means++,300.0,3.0,50.0,42.0,3,0.0,0.2414,1.467,1369.27,11422.9425,30.6,,,,,
Atual_M2_PCA90,KMeans,lloyd,k-means++,300.0,4.0,20.0,42.0,4,0.0,0.2009,1.7392,1092.6048,10439.4124,18.57,,,,,
Atual_M2_PCA90,KMeans,lloyd,k-means++,300.0,4.0,50.0,42.0,4,0.0,0.2008,1.7353,1092.6167,10439.3696,18.47,,,,,
Atual_M2_PCA90,KMeans,lloyd,k-means++,300.0,5.0,20.0,42.0,5,0.0,0.1824,1.698,956.4164,9599.231,11.03,,,,,
Atual_M2_PCA90,KMeans,lloyd,k-means++,300.0,5.0,50.0,42.0,5,0.0,0.1824,1.7003,956.425,9599.1648,11.03,,,,,
Atual_M2_PCA90,KMeans,lloyd,k-means++,300.0,6.0,20.0,42.0,6,0.0,0.1768,1.7204,858.2032,8984.3539,10.8,,,,,
Atual_M2_PCA90,KMeans,lloyd,k-means++,300.0,6.0,50.0,42.0,6,0.0,0.1768,1.7204,858.2032,8984.3539,10.8,,,,,
Atual_M2_PCA90,KMeans,lloyd,k-means++,300.0,7.0,20.0,42.0,7,0.0,0.1796,1.7784,777.8176,8541.8369,10.67,,,,,
Atual_M2_PCA90,KMeans,lloyd,k-means++,300.0,7.0,50.0,42.0,7,0.0,0.1796,1.7784,777.8176,8541.8369,10.67,,,,,
Atual_M2_PCA90,KMeans,lloyd,k-means++,300.0,8.0,20.0,42.0,8,0.0,0.1656,1.8171,716.3701,8169.2001,9.07,,,,,
Atual_M2_PCA90,KMeans,lloyd,k-means++,300.0,8.0,50.0,42.0,8,0.0,0.1655,1.8166,716.371,8169.1931,9.07,,,,,
Atual_M2_PCA90,KMeans,lloyd,k-means++,300.0,9.0,20.0,42.0,9,0.0,0.1649,1.8491,657.7118,7922.9518,6.93,,,,,
Atual_M2_PCA90,KMeans,lloyd,k-means++,300.0,9.0,50.0,42.0,9,0.0,0.1649,1.8491,657.7118,7922.9518,6.93,,,,,
Atual_M2_PCA90,KMeans,lloyd,k-means++,300.0,10.0,20.0,42.0,10,0.0,0.1475,1.8897,610.8607,7700.9508,6.87,,,,,
Atual_M2_PCA90,KMeans,lloyd,k-means++,300.0,10.0,50.0,42.0,10,0.0,0.1475,1.8897,610.8607,7700.9508,6.87,,,,,
Atual_M2_PCA90,KMeans,lloyd,k-means++,500.0,2.0,20.0,42.0,2,0.0,0.3035,1.2991,1659.1814,14072.5899,39.1,,,,,
Atual_M2_PCA90,KMeans,lloyd,k-means++,500.0,2.0,50.0,42.0,2,0.0,0.3035,1.2991,1659.1814,14072.5899,39.1,,,,,
Atual_M2_PCA90,KMeans,lloyd,k-means++,500.0,3.0,20.0,42.0,3,0.0,0.2414,1.467,1369.27,11422.9561,30.6,,,,,
Atual_M2_PCA90,KMeans,lloyd,k-means++,500.0,3.0,50.0,42.0,3,0.0,0.2414,1.467,1369.27,11422.9425,30.6,,,,,
Atual_M2_PCA90,KMeans,lloyd,k-means++,500.0,4.0,20.0,42.0,4,0.0,0.2009,1.7392,1092.6048,10439.4124,18.57,,,,,
Atual_M2_PCA90,KMeans,lloyd,k-means++,500.0,4.0,50.0,42.0,4,0.0,0.2008,1.7353,1092.6167,10439.3696,18.47,,,,,
Atual_M2_PCA90,KMeans,lloyd,k-means++,500.0,5.0,20.0,42.0,5,0.0,0.1824,1.698,956.4164,9599.231,11.03,,,,,
Atual_M2_PCA90,KMeans,lloyd,k-means++,500.0,5.0,50.0,42.0,5,0.0,0.1824,1.7003,956.425,9599.1648,11.03,,,,,
Atual_M2_PCA90,KMeans,lloyd,k-means++,500.0,6.0,20.0,42.0,6,0.0,0.1768,1.7204,858.2032,8984.3539,10.8,,,,,
Atual_M2_PCA90,KMeans,lloyd,k-means++,500.0,6.0,50.0,42.0,6,0.0,0.1768,1.7204,858.2032,8984.3539,10.8,,,,,
Atual_M2_PCA90,KMeans,lloyd,k-means++,500.0,7.0,20.0,42.0,7,0.0,0.1796,1.7784,777.8176,8541.8369,10.67,,,,,
Atual_M2_PCA90,KMeans,lloyd,k-means++,500.0,7.0,50.0,42.0,7,0.0,0.1796,1.7784,777.8176,8541.8369,10.67,,,,,
Atual_M2_PCA90,KMeans,lloyd,k-means++,500.0,8.0,20.0,42.0,8,0.0,0.1656,1.8171,716.3701,8169.2001,9.07,,,,,
Atual_M2_PCA90,KMeans,lloyd,k-means++,500.0,8.0,50.0,42.0,8,0.0,0.1655,1.8166,716.371,8169.1931,9.07,,,,,
Atual_M2_PCA90,KMeans,lloyd,k-means++,500.0,9.0,20.0,42.0,9,0.0,0.1649,1.8491,657.7118,7922.9518,6.93,,,,,
Atual_M2_PCA90,KMeans,lloyd,k-means++,500.0,9.0,50.0,42.0,9,0.0,0.1649,1.8491,657.7118,7922.9518,6.93,,,,,
Atual_M2_PCA90,KMeans,lloyd,k-means++,500.0,10.0,20.0,42.0,10,0.0,0.1475,1.8897,610.8607,7700.9508,6.87,,,,,
Atual_M2_PCA90,KMeans,lloyd,k-means++,500.0,10.0,50.0,42.0,10,0.0,0.1475,1.8897,610.8607,7700.9508,6.87,,,,,
Atual_M2_PCA90,MiniBatchKMeans,,k-means++,300.0,2.0,20.0,42.0,2,0.0,0.3035,1.2991,1659.1814,14076.571,39.1,512.0,,,,
Atual_M2_PCA90,MiniBatchKMeans,,k-means++,300.0,3.0,20.0,42.0,3,0.0,0.2267,1.5593,1319.699,11699.8915,25.17,512.0,,,,
Atual_M2_PCA90,MiniBatchKMeans,,k-means++,300.0,4.0,20.0,42.0,4,0.0,0.2158,1.6895,1051.5665,10670.3653,17.83,512.0,,,,
Atual_M2_PCA90,MiniBatchKMeans,,k-means++,300.0,5.0,20.0,42.0,5,0.0,0.193,1.6621,954.1904,9618.3285,11.17,512.0,,,,
Atual_M2_PCA90,MiniBatchKMeans,,k-means++,300.0,6.0,20.0,42.0,6,0.0,0.1512,1.998,811.7765,9302.9986,12.67,512.0,,,,
Atual_M2_PCA90,MiniBatchKMeans,,k-means++,300.0,7.0,20.0,42.0,7,0.0,0.1552,1.8763,761.9747,8667.2846,9.97,512.0,,,,
Atual_M2_PCA90,MiniBatchKMeans,,k-means++,300.0,8.0,20.0,42.0,8,0.0,0.1508,1.9704,685.1591,8417.6636,7.77,512.0,,,,
Atual_M2_PCA90,MiniBatchKMeans,,k-means++,300.0,9.0,20.0,42.0,9,0.0,0.1628,1.9072,652.7094,7974.9217,7.57,512.0,,,,
Atual_M2_PCA90,MiniBatchKMeans,,k-means++,300.0,10.0,20.0,42.0,10,0.0,0.1325,2.0898,582.4461,7991.547,5.9,512.0,,,,
Atual_M2_PCA90,MiniBatchKMeans,,k-means++,300.0,2.0,20.0,42.0,2,0.0,0.306,1.2874,1657.9776,14078.6631,37.43,2048.0,,,,
Atual_M2_PCA90,MiniBatchKMeans,,k-means++,300.0,3.0,20.0,42.0,3,0.0,0.2406,1.4714,1366.0594,11445.5549,29.17,2048.0,,,,
Atual_M2_PCA90,MiniBatchKMeans,,k-means++,300.0,4.0,20.0,42.0,4,0.0,0.2006,1.545,1076.1775,10528.8114,14.4,2048.0,,,,
Atual_M2_PCA90,MiniBatchKMeans,,k-means++,300.0,5.0,20.0,42.0,5,0.0,0.1888,1.6884,950.0386,9657.7977,11.27,2048.0,,,,
Atual_M2_PCA90,MiniBatchKMeans,,k-means++,300.0,6.0,20.0,42.0,6,0.0,0.1515,2.1716,771.7813,9572.2591,5.53,2048.0,,,,
Atual_M2_PCA90,MiniBatchKMeans,,k-means++,300.0,7.0,20.0,42.0,7,0.0,0.1804,1.7497,773.9558,8581.4197,10.73,2048.0,,,,
Atual_M2_PCA90,MiniBatchKMeans,,k-means++,300.0,8.0,20.0,42.0,8,0.0,0.1597,1.8993,703.6932,8295.2433,9.9,2048.0,,,,
Atual_M2_PCA90,MiniBatchKMeans,,k-means++,300.0,9.0,20.0,42.0,9,0.0,0.1317,2.1106,622.9801,8208.2134,7.33,2048.0,,,,
Atual_M2_PCA90,MiniBatchKMeans,,k-means++,300.0,10.0,20.0,42.0,10,0.0,0.1393,1.976,604.1395,7775.5324,7.93,2048.0,,,,
Atual_M2_PCA90,BisectingKMeans,,k-means++,,2.0,10.0,42.0,2,0.0,0.3029,1.3021,1659.1209,14072.8128,39.53,,,,,
Atual_M2_PCA90,BisectingKMeans,,k-means++,,3.0,10.0,42.0,3,0.0,0.222,1.5154,1267.8668,11841.6828,27.8,,,,,
Atual_M2_PCA90,BisectingKMeans,,k-means++,,4.0,10.0,42.0,4,0.0,0.1849,1.8151,1065.1678,10578.1872,18.23,,,,,
Atual_M2_PCA90,BisectingKMeans,,k-means++,,5.0,10.0,42.0,5,0.0,0.1549,2.0541,877.1594,10067.1387,13.87,,,,,
Atual_M2_PCA90,BisectingKMeans,,k-means++,,6.0,10.0,42.0,6,0.0,0.1559,2.0686,767.7596,9578.9689,8.47,,,,,
Atual_M2_PCA90,BisectingKMeans,,k-means++,,7.0,10.0,42.0,7,0.0,0.1603,1.978,735.6483,8833.5731,8.47,,,,,
Atual_M2_PCA90,BisectingKMeans,,k-means++,,8.0,10.0,42.0,8,0.0,0.1503,2.0158,670.9025,8507.3799,5.7,,,,,
Atual_M2_PCA90,BisectingKMeans,,k-means++,,9.0,10.0,42.0,9,0.0,0.1319,2.028,611.9552,8290.6742,5.7,,,,,
Atual_M2_PCA90,BisectingKMeans,,k-means++,,10.0,10.0,42.0,10,0.0,0.1222,2.1239,563.6387,8106.8778,5.7,,,,,
Atual_M2_PCA90,GaussianMixture,,,,,5.0,42.0,2,0.0,0.1862,1.4116,779.2813,,22.23,,diag,2.0,,
Atual_M2_PCA90,GaussianMixture,,,,,5.0,42.0,3,0.0,0.1481,1.6913,715.7582,,23.0,,diag,3.0,,
Atual_M2_PCA90,GaussianMixture,,,,,5.0,42.0,4,0.0,0.1187,1.6024,550.4834,,9.23,,diag,4.0,,
Atual_M2_PCA90,GaussianMixture,,,,,5.0,42.0,5,0.0,0.1214,1.8463,696.0751,,9.37,,diag,5.0,,
Atual_M2_PCA90,GaussianMixture,,,,,5.0,42.0,6,0.0,0.0638,1.9134,543.2104,,7.23,,diag,6.0,,
Atual_M2_PCA90,GaussianMixture,,,,,5.0,42.0,7,0.0,0.083,1.8206,607.757,,3.73,,diag,7.0,,
Atual_M2_PCA90,GaussianMixture,,,,,5.0,42.0,8,0.0,0.0333,1.9039,496.6789,,2.43,,diag,8.0,,
Atual_M2_PCA90,GaussianMixture,,,,,5.0,42.0,9,0.0,0.0489,2.2254,487.0543,,2.43,,diag,9.0,,
Atual_M2_PCA90,GaussianMixture,,,,,5.0,42.0,10,0.0,0.0586,1.9235,441.6909,,3.77,,diag,10.0,,
Atual_M2_PCA90,GaussianMixture,,,,,5.0,42.0,2,0.0,0.3046,1.2943,1658.5627,,38.33,,spherical,2.0,,
Atual_M2_PCA90,GaussianMixture,,,,,5.0,42.0,3,0.0,0.2408,1.4563,1364.0814,,29.0,,spherical,3.0,,
Atual_M2_PCA90,GaussianMixture,,,,,5.0,42.0,4,0.0,0.2067,1.4055,1047.6574,,10.4,,spherical,4.0,,
Atual_M2_PCA90,GaussianMixture,,,,,5.0,42.0,5,0.0,0.1807,1.6528,939.1172,,9.67,,spherical,5.0,,
Atual_M2_PCA90,GaussianMixture,,,,,5.0,42.0,6,0.0,0.1711,1.6426,846.4771,,10.0,,spherical,6.0,,
Atual_M2_PCA90,GaussianMixture,,,,,5.0,42.0,7,0.0,0.1667,1.7969,767.1837,,10.1,,spherical,7.0,,
Atual_M2_PCA90,GaussianMixture,,,,,5.0,42.0,8,0.0,0.1475,1.8357,702.4958,,7.97,,spherical,8.0,,
Atual_M2_PCA90,GaussianMixture,,,,,5.0,42.0,9,0.0,0.1166,1.9006,625.3181,,5.6,,spherical,9.0,,
Atual_M2_PCA90,GaussianMixture,,,,,5.0,42.0,10,0.0,0.1158,1.8967,582.0709,,4.73,,spherical,10.0,,
Atual_M2_PCA90,Birch,,,,2.0,,,2,0.0,0.2572,1.4547,1365.7468,,47.37,,,,25.0,0.05
Atual_M2_PCA90,Birch,,,,2.0,,,2,0.0,0.2872,1.1363,1070.0462,,16.87,,,,25.0,0.1
Atual_M2_PCA90,Birch,,,,2.0,,,2,0.0,0.2288,1.4398,1130.5711,,34.63,,,,25.0,0.25
Atual_M2_PCA90,Birch,,,,2.0,,,2,0.0,0.2835,1.3612,1465.1081,,36.77,,,,25.0,0.5
Atual_M2_PCA90,Birch,,,,3.0,,,3,0.0,0.1725,1.8347,981.2775,,16.87,,,,25.0,0.05
Atual_M2_PCA90,Birch,,,,3.0,,,3,0.0,0.1923,1.5936,1086.1843,,16.87,,,,25.0,0.1
Atual_M2_PCA90,Birch,,,,3.0,,,3,0.0,0.1892,1.5566,1063.6742,,15.23,,,,25.0,0.25
Atual_M2_PCA90,Birch,,,,3.0,,,3,0.0,0.2089,1.4916,1172.7028,,24.03,,,,25.0,0.5
Atual_M2_PCA90,Birch,,,,4.0,,,4,0.0,0.1623,1.7634,956.5631,,16.87,,,,25.0,0.05
Atual_M2_PCA90,Birch,,,,4.0,,,4,0.0,0.2028,1.6701,952.4945,,15.07,,,,25.0,0.1
Atual_M2_PCA90,Birch,,,,4.0,,,4,0.0,0.1752,1.7083,956.499,,15.23,,,,25.0,0.25
Atual_M2_PCA90,Birch,,,,4.0,,,4,0.0,0.1738,1.841,947.0223,,16.47,,,,25.0,0.5
Atual_M2_PCA90,Birch,,,,5.0,,,5,0.0,0.1295,1.8388,817.3154,,15.0,,,,25.0,0.05
Atual_M2_PCA90,Birch,,,,5.0,,,5,0.0,0.1713,1.6727,843.6261,,11.07,,,,25.0,0.1
Atual_M2_PCA90,Birch,,,,5.0,,,5,0.0,0.1493,1.7058,844.7344,,10.97,,,,25.0,0.25
Atual_M2_PCA90,Birch,,,,5.0,,,5,0.0,0.1386,2.0945,811.7549,,12.43,,,,25.0,0.5
Atual_M2_PCA90,Birch,,,,6.0,,,6,0.0,0.1351,2.0412,733.4396,,11.63,,,,25.0,0.05
Atual_M2_PCA90,Birch,,,,6.0,,,6,0.0,0.1462,1.8797,752.0657,,9.87,,,,25.0,0.1
Atual_M2_PCA90,Birch,,,,6.0,,,6,0.0,0.1446,1.9152,746.6929,,10.87,,,,25.0,0.25
Atual_M2_PCA90,Birch,,,,6.0,,,6,0.0,0.1335,2.2061,699.2272,,8.37,,,,25.0,0.5
Atual_M2_PCA90,Birch,,,,7.0,,,7,0.0,0.1294,1.9962,671.3338,,8.2,,,,25.0,0.05
Atual_M2_PCA90,Birch,,,,7.0,,,7,0.0,0.1307,1.9666,665.0742,,7.27,,,,25.0,0.1
Atual_M2_PCA90,Birch,,,,7.0,,,7,0.0,0.1399,1.9425,664.3235,,5.83,,,,25.0,0.25
Atual_M2_PCA90,Birch,,,,7.0,,,7,0.0,0.1362,2.0914,664.3091,,8.27,,,,25.0,0.5
Atual_M2_PCA90,Birch,,,,8.0,,,8,0.0,0.1083,2.0585,611.3202,,7.03,,,,25.0,0.05
Atual_M2_PCA90,Birch,,,,8.0,,,8,0.0,0.1329,2.0635,599.9443,,7.27,,,,25.0,0.1
Atual_M2_PCA90,Birch,,,,8.0,,,8,0.0,0.1173,1.9975,606.7382,,5.83,,,,25.0,0.25
Atual_M2_PCA90,Birch,,,,8.0,,,8,0.0,0.1301,2.047,604.9817,,5.17,,,,25.0,0.5
Atual_M2_PCA90,Birch,,,,9.0,,,9,0.0,0.1109,2.1309,563.7465,,7.03,,,,25.0,0.05
Atual_M2_PCA90,Birch,,,,9.0,,,9,0.0,0.1226,2.1052,565.3448,,7.27,,,,25.0,0.1
Atual_M2_PCA90,Birch,,,,9.0,,,9,0.0,0.1101,2.0127,560.1876,,5.83,,,,25.0,0.25
Atual_M2_PCA90,Birch,,,,9.0,,,9,0.0,0.1197,2.0504,568.3969,,5.17,,,,25.0,0.5
Atual_M2_PCA90,Birch,,,,10.0,,,10,0.0,0.1117,2.175,521.6117,,5.47,,,,25.0,0.05
Atual_M2_PCA90,Birch,,,,10.0,,,10,0.0,0.1157,2.1586,535.7189,,7.27,,,,25.0,0.1
Atual_M2_PCA90,Birch,,,,10.0,,,10,0.0,0.1057,2.0728,530.6526,,5.83,,,,25.0,0.25
Atual_M2_PCA90,Birch,,,,10.0,,,10,0.0,0.1208,2.1189,521.2404,,4.7,,,,25.0,0.5
Atual_M2_PCA90,Birch,,,,2.0,,,2,0.0,0.2884,1.1246,1070.1474,,16.6,,,,50.0,0.05
Atual_M2_PCA90,Birch,,,,2.0,,,2,0.0,0.256,1.4278,1383.6352,,46.5,,,,50.0,0.1
Atual_M2_PCA90,Birch,,,,2.0,,,2,0.0,0.2868,1.1262,1047.6244,,16.27,,,,50.0,0.25
Atual_M2_PCA90,Birch,,,,2.0,,,2,0.0,0.2655,1.4189,1437.5438,,48.03,,,,50.0,0.5
Atual_M2_PCA90,Birch,,,,3.0,,,3,0.0,0.1949,1.4882,1100.1248,,16.6,,,,50.0,0.05
Atual_M2_PCA90,Birch,,,,3.0,,,3,0.0,0.1874,1.7163,1070.2379,,16.87,,,,50.0,0.1
Atual_M2_PCA90,Birch,,,,3.0,,,3,0.0,0.1945,1.5579,1095.3648,,16.27,,,,50.0,0.25
Atual_M2_PCA90,Birch,,,,3.0,,,3,0.0,0.1833,1.8148,1072.3771,,20.93,,,,50.0,0.5
Atual_M2_PCA90,Birch,,,,4.0,,,4,0.0,0.1581,1.9913,936.1939,,16.6,,,,50.0,0.05
Atual_M2_PCA90,Birch,,,,4.0,,,4,0.0,0.1492,1.7686,941.7694,,16.87,,,,50.0,0.1
Atual_M2_PCA90,Birch,,,,4.0,,,4,0.0,0.1776,1.7095,972.1213,,16.27,,,,50.0,0.25
Atual_M2_PCA90,Birch,,,,4.0,,,4,0.0,0.1481,1.8806,940.9151,,17.73,,,,50.0,0.5
Atual_M2_PCA90,Birch,,,,5.0,,,5,0.0,0.1523,2.0907,784.7138,,7.57,,,,50.0,0.05
Atual_M2_PCA90,Birch,,,,5.0,,,5,0.0,0.1611,1.8265,847.1762,,15.57,,,,50.0,0.1
Atual_M2_PCA90,Birch,,,,5.0,,,5,0.0,0.149,1.7378,852.3023,,11.83,,,,50.0,0.25
Atual_M2_PCA90,Birch,,,,5.0,,,5,0.0,0.1419,1.7898,800.047,,6.77,,,,50.0,0.5
Atual_M2_PCA90,Birch,,,,6.0,,,6,0.0,0.1489,2.0534,705.5231,,7.57,,,,50.0,0.05
Atual_M2_PCA90,Birch,,,,6.0,,,6,0.0,0.1306,1.9425,732.2673,,10.7,,,,50.0,0.1
Atual_M2_PCA90,Birch,,,,6.0,,,6,0.0,0.1453,1.9283,756.1528,,11.73,,,,50.0,0.25
Atual_M2_PCA90,Birch,,,,6.0,,,6,0.0,0.1237,1.9328,718.5465,,6.77,,,,50.0,0.5
Atual_M2_PCA90,Birch,,,,7.0,,,7,0.0,0.147,1.9451,669.4371,,7.57,,,,50.0,0.05
Atual_M2_PCA90,Birch,,,,7.0,,,7,0.0,0.1051,2.0285,646.8459,,7.03,,,,50.0,0.1
Atual_M2_PCA90,Birch,,,,7.0,,,7,0.0,0.1384,1.9556,670.7753,,4.7,,,,50.0,0.25
Atual_M2_PCA90,Birch,,,,7.0,,,7,0.0,0.1073,2.0064,638.9474,,5.37,,,,50.0,0.5
Atual_M2_PCA90,Birch,,,,8.0,,,8,0.0,0.1321,1.9995,608.5826,,7.17,,,,50.0,0.05
Atual_M2_PCA90,Birch,,,,8.0,,,8,0.0,0.1067,2.1588,586.4229,,7.03,,,,50.0,0.1
Atual_M2_PCA90,Birch,,,,8.0,,,8,0.0,0.1312,2.0124,607.0355,,4.7,,,,50.0,0.25
Atual_M2_PCA90,Birch,,,,8.0,,,8,0.0,0.104,2.1926,577.4235,,5.37,,,,50.0,0.5
Atual_M2_PCA90,Birch,,,,9.0,,,9,0.0,0.136,2.0888,563.0741,,7.17,,,,50.0,0.05
Atual_M2_PCA90,Birch,,,,9.0,,,9,0.0,0.109,2.1765,542.2817,,6.47,,,,50.0,0.1
Atual_M2_PCA90,Birch,,,,9.0,,,9,0.0,0.114,2.0395,563.7838,,4.7,,,,50.0,0.25
Atual_M2_PCA90,Birch,,,,9.0,,,9,0.0,0.0996,2.2109,538.1493,,5.37,,,,50.0,0.5
Atual_M2_PCA90,Birch,,,,10.0,,,10,0.0,0.1151,2.0742,526.2397,,6.93,,,,50.0,0.05
Atual_M2_PCA90,Birch,,,,10.0,,,10,0.0,0.1086,2.1153,534.2542,,6.47,,,,50.0,0.1
Atual_M2_PCA90,Birch,,,,10.0,,,10,0.0,0.1044,2.1127,531.3552,,4.7,,,,50.0,0.25
Atual_M2_PCA90,Birch,,,,10.0,,,10,0.0,0.096,2.1536,503.1992,,4.53,,,,50.0,0.5
Atual_M2_PCA95,KMeans,lloyd,k-means++,300.0,2.0,20.0,42.0,2,0.0,0.2917,1.355,1537.6966,15185.549,39.1,,,,,
Atual_M2_PCA95,KMeans,lloyd,k-means++,300.0,2.0,50.0,42.0,2,0.0,0.2917,1.355,1537.6966,15185.549,39.1,,,,,
Atual_M2_PCA95,KMeans,lloyd,k-means++,300.0,3.0,20.0,42.0,3,0.0,0.2278,1.5384,1247.876,12535.4493,30.67,,,,,
Atual_M2_PCA95,KMeans,lloyd,k-means++,300.0,3.0,50.0,42.0,3,0.0,0.2278,1.5384,1247.876,12535.4493,30.67,,,,,
Atual_M2_PCA95,KMeans,lloyd,k-means++,300.0,4.0,20.0,42.0,4,0.0,0.189,1.8473,987.5198,11551.6247,18.4,,,,,
Atual_M2_PCA95,KMeans,lloyd,k-means++,300.0,4.0,50.0,42.0,4,0.0,0.189,1.8473,987.5198,11551.6247,18.4,,,,,
Atual_M2_PCA95,KMeans,lloyd,k-means++,300.0,5.0,20.0,42.0,5,0.0,0.1685,1.7901,857.2093,10711.3651,11.0,,,,,
Atual_M2_PCA95,KMeans,lloyd,k-means++,300.0,5.0,50.0,42.0,5,0.0,0.1685,1.7901,857.2093,10711.3651,11.0,,,,,
Atual_M2_PCA95,KMeans,lloyd,k-means++,300.0,6.0,20.0,42.0,6,0.0,0.1651,1.8085,763.9177,10095.2815,10.3,,,,,
Atual_M2_PCA95,KMeans,lloyd,k-means++,300.0,6.0,50.0,42.0,6,0.0,0.1635,1.8301,763.9972,10094.6928,10.8,,,,,
Atual_M2_PCA95,KMeans,lloyd,k-means++,300.0,7.0,20.0,42.0,7,0.0,0.1645,1.8763,688.6741,9650.7788,10.7,,,,,
Atual_M2_PCA95,KMeans,lloyd,k-means++,300.0,7.0,50.0,42.0,7,0.0,0.1661,1.8988,688.731,9650.3009,10.7,,,,,
Atual_M2_PCA95,KMeans,lloyd,k-means++,300.0,8.0,20.0,42.0,8,0.0,0.152,1.9422,631.1276,9276.6713,8.9,,,,,
Atual_M2_PCA95,KMeans,lloyd,k-means++,300.0,8.0,50.0,42.0,8,0.0,0.1527,1.9421,631.1457,9276.5128,9.33,,,,,
Atual_M2_PCA95,KMeans,lloyd,k-means++,300.0,9.0,20.0,42.0,9,0.0,0.152,1.9935,577.56,9027.9642,7.07,,,,,
Atual_M2_PCA95,KMeans,lloyd,k-means++,300.0,9.0,50.0,42.0,9,0.0,0.1515,1.9987,577.5973,9027.6106,6.77,,,,,
Atual_M2_PCA95,KMeans,lloyd,k-means++,300.0,10.0,20.0,42.0,10,0.0,0.1398,2.018,534.2644,8808.6503,6.77,,,,,
Atual_M2_PCA95,KMeans,lloyd,k-means++,300.0,10.0,50.0,42.0,10,0.0,0.1364,2.016,534.6017,8805.2223,6.77,,,,,
Atual_M2_PCA95,KMeans,lloyd,k-means++,500.0,2.0,20.0,42.0,2,0.0,0.2917,1.355,1537.6966,15185.549,39.1,,,,,
Atual_M2_PCA95,KMeans,lloyd,k-means++,500.0,2.0,50.0,42.0,2,0.0,0.2917,1.355,1537.6966,15185.549,39.1,,,,,
Atual_M2_PCA95,KMeans,lloyd,k-means++,500.0,3.0,20.0,42.0,3,0.0,0.2278,1.5384,1247.876,12535.4493,30.67,,,,,
Atual_M2_PCA95,KMeans,lloyd,k-means++,500.0,3.0,50.0,42.0,3,0.0,0.2278,1.5384,1247.876,12535.4493,30.67,,,,,
Atual_M2_PCA95,KMeans,lloyd,k-means++,500.0,4.0,20.0,42.0,4,0.0,0.189,1.8473,987.5198,11551.6247,18.4,,,,,
Atual_M2_PCA95,KMeans,lloyd,k-means++,500.0,4.0,50.0,42.0,4,0.0,0.189,1.8473,987.5198,11551.6247,18.4,,,,,
Atual_M2_PCA95,KMeans,lloyd,k-means++,500.0,5.0,20.0,42.0,5,0.0,0.1685,1.7901,857.2093,10711.3651,11.0,,,,,
Atual_M2_PCA95,KMeans,lloyd,k-means++,500.0,5.0,50.0,42.0,5,0.0,0.1685,1.7901,857.2093,10711.3651,11.0,,,,,
Atual_M2_PCA95,KMeans,lloyd,k-means++,500.0,6.0,20.0,42.0,6,0.0,0.1651,1.8085,763.9177,10095.2815,10.3,,,,,
Atual_M2_PCA95,KMeans,lloyd,k-means++,500.0,6.0,50.0,42.0,6,0.0,0.1635,1.8301,763.9972,10094.6928,10.8,,,,,
Atual_M2_PCA95,KMeans,lloyd,k-means++,500.0,7.0,20.0,42.0,7,0.0,0.1645,1.8763,688.6741,9650.7788,10.7,,,,,
Atual_M2_PCA95,KMeans,lloyd,k-means++,500.0,7.0,50.0,42.0,7,0.0,0.1661,1.8988,688.731,9650.3009,10.7,,,,,
Atual_M2_PCA95,KMeans,lloyd,k-means++,500.0,8.0,20.0,42.0,8,0.0,0.152,1.9422,631.1276,9276.6713,8.9,,,,,
Atual_M2_PCA95,KMeans,lloyd,k-means++,500.0,8.0,50.0,42.0,8,0.0,0.1527,1.9421,631.1457,9276.5128,9.33,,,,,
Atual_M2_PCA95,KMeans,lloyd,k-means++,500.0,9.0,20.0,42.0,9,0.0,0.152,1.9935,577.56,9027.9642,7.07,,,,,
Atual_M2_PCA95,KMeans,lloyd,k-means++,500.0,9.0,50.0,42.0,9,0.0,0.1515,1.9987,577.5973,9027.6106,6.77,,,,,
Atual_M2_PCA95,KMeans,lloyd,k-means++,500.0,10.0,20.0,42.0,10,0.0,0.1398,2.018,534.2644,8808.6503,6.77,,,,,
Atual_M2_PCA95,KMeans,lloyd,k-means++,500.0,10.0,50.0,42.0,10,0.0,0.1364,2.016,534.6017,8805.2223,6.77,,,,,
Atual_M2_PCA95,MiniBatchKMeans,,k-means++,300.0,2.0,20.0,42.0,2,0.0,0.2922,1.3524,1537.4484,15190.3,38.7,512.0,,,,
Atual_M2_PCA95,MiniBatchKMeans,,k-means++,300.0,3.0,20.0,42.0,3,0.0,0.2273,1.5391,1246.2271,12551.7797,30.93,512.0,,,,
Atual_M2_PCA95,MiniBatchKMeans,,k-means++,300.0,4.0,20.0,42.0,4,0.0,0.1762,1.934,969.2701,11701.0291,22.1,512.0,,,,
Atual_M2_PCA95,MiniBatchKMeans,,k-means++,300.0,5.0,20.0,42.0,5,0.0,0.1772,1.7759,848.073,10790.8961,12.73,512.0,,,,
Atual_M2_PCA95,MiniBatchKMeans,,k-means++,300.0,6.0,20.0,42.0,6,0.0,0.1495,1.9849,725.9709,10408.7342,10.17,512.0,,,,
Atual_M2_PCA95,MiniBatchKMeans,,k-means++,300.0,7.0,20.0,42.0,7,0.0,0.1421,2.0841,635.8818,10123.7548,8.17,512.0,,,,
Atual_M2_PCA95,MiniBatchKMeans,,k-means++,300.0,8.0,20.0,42.0,8,0.0,0.1375,2.001,621.1096,9418.3835,9.4,512.0,,,,
Atual_M2_PCA95,MiniBatchKMeans,,k-means++,300.0,9.0,20.0,42.0,9,0.0,0.1303,2.0231,566.442,9164.4177,8.43,512.0,,,,
Atual_M2_PCA95,MiniBatchKMeans,,k-means++,300.0,10.0,20.0,42.0,10,0.0,0.1386,2.0529,529.6957,8868.3399,6.8,512.0,,,,
Atual_M2_PCA95,MiniBatchKMeans,,k-means++,300.0,2.0,20.0,42.0,2,0.0,0.2915,1.3557,1537.6655,15186.9654,39.2,2048.0,,,,
Atual_M2_PCA95,MiniBatchKMeans,,k-means++,300.0,3.0,20.0,42.0,3,0.0,0.2275,1.5412,1247.209,12541.0435,31.17,2048.0,,,,
Atual_M2_PCA95,MiniBatchKMeans,,k-means++,300.0,4.0,20.0,42.0,4,0.0,0.169,1.9607,963.724,11712.5019,21.4,2048.0,,,,
Atual_M2_PCA95,MiniBatchKMeans,,k-means++,300.0,5.0,20.0,42.0,5,0.0,0.1843,1.8916,814.6153,11017.454,13.13,2048.0,,,,
Atual_M2_PCA95,MiniBatchKMeans,,k-means++,300.0,6.0,20.0,42.0,6,0.0,0.1632,1.8432,755.5102,10164.7466,11.43,2048.0,,,,
Atual_M2_PCA95,MiniBatchKMeans,,k-means++,300.0,7.0,20.0,42.0,7,0.0,0.1469,1.983,681.4518,9718.4672,10.53,2048.0,,,,
Atual_M2_PCA95,MiniBatchKMeans,,k-means++,300.0,8.0,20.0,42.0,8,0.0,0.153,1.9858,615.9199,9421.6545,6.5,2048.0,,,,
Atual_M2_PCA95,MiniBatchKMeans,,k-means++,300.0,9.0,20.0,42.0,9,0.0,0.1387,2.028,570.6289,9107.957,8.9,2048.0,,,,
Atual_M2_PCA95,MiniBatchKMeans,,k-means++,300.0,10.0,20.0,42.0,10,0.0,0.1189,2.1308,517.6859,8999.8354,5.2,2048.0,,,,
Atual_M2_PCA95,BisectingKMeans,,k-means++,,2.0,10.0,42.0,2,0.0,0.2917,1.355,1537.6966,15185.549,39.1,,,,,
Atual_M2_PCA95,BisectingKMeans,,k-means++,,3.0,10.0,42.0,3,0.0,0.2109,1.581,1166.7269,12917.1093,27.77,,,,,
Atual_M2_PCA95,BisectingKMeans,,k-means++,,4.0,10.0,42.0,4,0.0,0.1753,1.9205,964.0978,11689.472,17.7,,,,,
Atual_M2_PCA95,BisectingKMeans,,k-means++,,5.0,10.0,42.0,5,0.0,0.1487,2.1964,791.6594,11167.1724,13.87,,,,,
Atual_M2_PCA95,BisectingKMeans,,k-means++,,6.0,10.0,42.0,6,0.0,0.1501,2.2024,690.7356,10668.1962,8.03,,,,,
Atual_M2_PCA95,BisectingKMeans,,k-means++,,7.0,10.0,42.0,7,0.0,0.1504,2.0981,656.0168,9923.6716,8.03,,,,,
Atual_M2_PCA95,BisectingKMeans,,k-means++,,8.0,10.0,42.0,8,0.0,0.1384,2.1465,593.7416,9616.2995,5.5,,,,,
Atual_M2_PCA95,BisectingKMeans,,k-means++,,9.0,10.0,42.0,9,0.0,0.123,2.1696,541.4625,9383.9938,5.5,,,,,
Atual_M2_PCA95,BisectingKMeans,,k-means++,,10.0,10.0,42.0,10,0.0,0.1139,2.2686,497.5191,9198.743,5.5,,,,,
Atual_M2_PCA95,GaussianMixture,,,,,5.0,42.0,2,0.0,0.174,1.5049,773.4663,,25.0,,diag,2.0,,
Atual_M2_PCA95,GaussianMixture,,,,,5.0,42.0,3,0.0,0.0971,1.8397,543.6688,,13.37,,diag,3.0,,
Atual_M2_PCA95,GaussianMixture,,,,,5.0,42.0,4,0.0,0.0053,10.8228,272.5341,,10.83,,diag,4.0,,
Atual_M2_PCA95,GaussianMixture,,,,,5.0,42.0,5,0.0,-0.0267,11.6428,262.7862,,7.4,,diag,5.0,,
Atual_M2_PCA95,GaussianMixture,,,,,5.0,42.0,6,0.0,-0.0167,3.9959,295.9373,,6.2,,diag,6.0,,
Atual_M2_PCA95,GaussianMixture,,,,,5.0,42.0,7,0.0,-0.0234,4.6921,339.8481,,4.57,,diag,7.0,,
Atual_M2_PCA95,GaussianMixture,,,,,5.0,42.0,8,0.0,-0.0469,3.2907,218.4665,,3.0,,diag,8.0,,
Atual_M2_PCA95,GaussianMixture,,,,,5.0,42.0,9,0.0,-0.0765,2.7643,205.2323,,3.1,,diag,9.0,,
Atual_M2_PCA95,GaussianMixture,,,,,5.0,42.0,10,0.0,-0.0156,3.2541,291.1298,,3.23,,diag,10.0,,
Atual_M2_PCA95,GaussianMixture,,,,,5.0,42.0,2,0.0,0.2908,1.3595,1537.1418,,39.7,,spherical,2.0,,
Atual_M2_PCA95,GaussianMixture,,,,,5.0,42.0,3,0.0,0.2264,1.521,1240.1037,,27.5,,spherical,3.0,,
Atual_M2_PCA95,GaussianMixture,,,,,5.0,42.0,4,0.0,0.1888,1.4537,941.0556,,10.13,,spherical,4.0,,
Atual_M2_PCA95,GaussianMixture,,,,,5.0,42.0,5,0.0,0.1654,1.7484,837.4847,,9.67,,spherical,5.0,,
Atual_M2_PCA95,GaussianMixture,,,,,5.0,42.0,6,0.0,0.1578,1.7422,753.2557,,10.1,,spherical,6.0,,
Atual_M2_PCA95,GaussianMixture,,,,,5.0,42.0,7,0.0,0.1527,1.913,678.9599,,10.13,,spherical,7.0,,
Atual_M2_PCA95,GaussianMixture,,,,,5.0,42.0,8,0.0,0.1338,1.9523,619.2067,,7.97,,spherical,8.0,,
Atual_M2_PCA95,GaussianMixture,,,,,5.0,42.0,9,0.0,0.1128,1.9479,554.3648,,4.73,,spherical,9.0,,
Atual_M2_PCA95,GaussianMixture,,,,,5.0,42.0,10,0.0,0.101,1.9819,510.5353,,4.7,,spherical,10.0,,
Atual_M2_PCA95,Birch,,,,2.0,,,2,0.0,0.2874,1.2287,1190.0366,,21.3,,,,25.0,0.05
Atual_M2_PCA95,Birch,,,,2.0,,,2,0.0,0.2765,1.4064,1391.2829,,37.1,,,,25.0,0.1
Atual_M2_PCA95,Birch,,,,2.0,,,2,0.0,0.2777,1.2336,1048.2123,,18.73,,,,25.0,0.25
Atual_M2_PCA95,Birch,,,,2.0,,,2,0.0,0.2889,1.2097,1162.3612,,20.13,,,,25.0,0.5
Atual_M2_PCA95,Birch,,,,3.0,,,3,0.0,0.1869,1.5243,1036.9185,,21.3,,,,25.0,0.05
Atual_M2_PCA95,Birch,,,,3.0,,,3,0.0,0.2002,1.5668,1090.1517,,23.7,,,,25.0,0.1
Atual_M2_PCA95,Birch,,,,3.0,,,3,0.0,0.1857,1.6319,1026.3117,,18.73,,,,25.0,0.25
Atual_M2_PCA95,Birch,,,,3.0,,,3,0.0,0.1906,1.7048,1056.2763,,20.13,,,,25.0,0.5
Atual_M2_PCA95,Birch,,,,4.0,,,4,0.0,0.1614,2.0287,868.7251,,17.93,,,,25.0,0.05
Atual_M2_PCA95,Birch,,,,4.0,,,4,0.0,0.1559,2.0215,869.4715,,17.5,,,,25.0,0.1
Atual_M2_PCA95,Birch,,,,4.0,,,4,0.0,0.168,1.9496,857.1782,,18.73,,,,25.0,0.25
Atual_M2_PCA95,Birch,,,,4.0,,,4,0.0,0.1688,1.8961,884.769,,20.13,,,,25.0,0.5
Atual_M2_PCA95,Birch,,,,5.0,,,5,0.0,0.1397,2.1805,736.9454,,17.03,,,,25.0,0.05
Atual_M2_PCA95,Birch,,,,5.0,,,5,0.0,0.1349,2.2149,747.4634,,16.37,,,,25.0,0.1
Atual_M2_PCA95,Birch,,,,5.0,,,5,0.0,0.1546,2.0836,720.5406,,11.17,,,,25.0,0.25
Atual_M2_PCA95,Birch,,,,5.0,,,5,0.0,0.1511,2.121,715.2577,,8.93,,,,25.0,0.5
Atual_M2_PCA95,Birch,,,,6.0,,,6,0.0,0.1211,2.2676,633.4239,,10.1,,,,25.0,0.05
Atual_M2_PCA95,Birch,,,,6.0,,,6,0.0,0.131,2.2663,643.1327,,8.67,,,,25.0,0.1
Atual_M2_PCA95,Birch,,,,6.0,,,6,0.0,0.1167,2.1258,642.73,,10.8,,,,25.0,0.25
Atual_M2_PCA95,Birch,,,,6.0,,,6,0.0,0.1292,2.0067,657.8592,,7.47,,,,25.0,0.5
Atual_M2_PCA95,Birch,,,,7.0,,,7,0.0,0.1214,2.3222,565.0381,,8.37,,,,25.0,0.05
Atual_M2_PCA95,Birch,,,,7.0,,,7,0.0,0.1207,2.1693,589.9964,,8.53,,,,25.0,0.1
Atual_M2_PCA95,Birch,,,,7.0,,,7,0.0,0.1075,2.1319,568.781,,5.67,,,,25.0,0.25
Atual_M2_PCA95,Birch,,,,7.0,,,7,0.0,0.1145,2.186,581.2291,,7.47,,,,25.0,0.5
Atual_M2_PCA95,Birch,,,,8.0,,,8,0.0,0.1119,2.2077,533.9051,,6.87,,,,25.0,0.05
Atual_M2_PCA95,Birch,,,,8.0,,,8,0.0,0.1128,2.1638,535.7905,,5.33,,,,25.0,0.1
Atual_M2_PCA95,Birch,,,,8.0,,,8,0.0,0.0982,2.1933,517.7115,,5.67,,,,25.0,0.25
Atual_M2_PCA95,Birch,,,,8.0,,,8,0.0,0.1135,2.2846,540.3861,,7.47,,,,25.0,0.5
Atual_M2_PCA95,Birch,,,,9.0,,,9,0.0,0.1044,2.212,496.754,,6.87,,,,25.0,0.05
Atual_M2_PCA95,Birch,,,,9.0,,,9,0.0,0.1026,2.1844,498.5019,,5.33,,,,25.0,0.1
Atual_M2_PCA95,Birch,,,,9.0,,,9,0.0,0.0958,2.1233,497.4211,,5.67,,,,25.0,0.25
Atual_M2_PCA95,Birch,,,,9.0,,,9,0.0,0.1175,2.3284,492.4619,,5.9,,,,25.0,0.5
Atual_M2_PCA95,Birch,,,,10.0,,,10,0.0,0.0996,2.1381,460.9423,,4.77,,,,25.0,0.05
Atual_M2_PCA95,Birch,,,,10.0,,,10,0.0,0.1002,2.2711,460.5084,,5.33,,,,25.0,0.1
Atual_M2_PCA95,Birch,,,,10.0,,,10,0.0,0.0985,2.1943,462.9012,,4.87,,,,25.0,0.25
Atual_M2_PCA95,Birch,,,,10.0,,,10,0.0,0.1148,2.2341,456.5573,,5.2,,,,25.0,0.5
Atual_M2_PCA95,Birch,,,,2.0,,,2,0.0,0.2757,1.4132,1414.2651,,39.43,,,,50.0,0.05
Atual_M2_PCA95,Birch,,,,2.0,,,2,0.0,0.2878,1.2109,1149.7532,,19.93,,,,50.0,0.1
Atual_M2_PCA95,Birch,,,,2.0,,,2,0.0,0.285,1.2482,1180.6147,,21.73,,,,50.0,0.25
Atual_M2_PCA95,Birch,,,,2.0,,,2,0.0,0.2578,1.4717,1343.823,,46.37,,,,50.0,0.5
Atual_M2_PCA95,Birch,,,,3.0,,,3,0.0,0.1937,1.5414,1070.1431,,21.23,,,,50.0,0.05
Atual_M2_PCA95,Birch,,,,3.0,,,3,0.0,0.1928,1.5598,1070.4028,,19.93,,,,50.0,0.1
Atual_M2_PCA95,Birch,,,,3.0,,,3,0.0,0.1885,1.7326,1045.5668,,21.73,,,,50.0,0.25
Atual_M2_PCA95,Birch,,,,3.0,,,3,0.0,0.174,1.9051,934.2347,,17.9,,,,50.0,0.5
Atual_M2_PCA95,Birch,,,,4.0,,,4,0.0,0.1622,1.9613,872.9245,,18.3,,,,50.0,0.05
Atual_M2_PCA95,Birch,,,,4.0,,,4,0.0,0.1628,2.1282,857.0115,,16.03,,,,50.0,0.1
Atual_M2_PCA95,Birch,,,,4.0,,,4,0.0,0.1659,1.9745,855.9967,,19.07,,,,50.0,0.25
Atual_M2_PCA95,Birch,,,,4.0,,,4,0.0,0.1466,2.0771,857.7975,,17.9,,,,50.0,0.5
Atual_M2_PCA95,Birch,,,,5.0,,,5,0.0,0.137,1.929,767.4939,,10.37,,,,50.0,0.05
Atual_M2_PCA95,Birch,,,,5.0,,,5,0.0,0.1453,2.2302,724.8867,,14.07,,,,50.0,0.1
Atual_M2_PCA95,Birch,,,,5.0,,,5,0.0,0.1399,1.8888,744.406,,8.37,,,,50.0,0.25
Atual_M2_PCA95,Birch,,,,5.0,,,5,0.0,0.1481,2.0681,725.4646,,14.03,,,,50.0,0.5
Atual_M2_PCA95,Birch,,,,6.0,,,6,0.0,0.132,2.1173,655.4821,,10.13,,,,50.0,0.05
Atual_M2_PCA95,Birch,,,,6.0,,,6,0.0,0.1335,2.1814,630.366,,10.23,,,,50.0,0.1
Atual_M2_PCA95,Birch,,,,6.0,,,6,0.0,0.1307,1.9907,645.0134,,8.37,,,,50.0,0.25
Atual_M2_PCA95,Birch,,,,6.0,,,6,0.0,0.1413,2.1498,630.9028,,10.93,,,,50.0,0.5
Atual_M2_PCA95,Birch,,,,7.0,,,7,0.0,0.1277,2.2401,595.5071,,10.13,,,,50.0,0.05
Atual_M2_PCA95,Birch,,,,7.0,,,7,0.0,0.125,2.0681,587.6006,,6.63,,,,50.0,0.1
Atual_M2_PCA95,Birch,,,,7.0,,,7,0.0,0.1277,2.1241,586.1227,,8.37,,,,50.0,0.25
Atual_M2_PCA95,Birch,,,,7.0,,,7,0.0,0.1246,2.1659,559.64,,5.57,,,,50.0,0.5
Atual_M2_PCA95,Birch,,,,8.0,,,8,0.0,0.1189,2.239,542.4698,,5.57,,,,50.0,0.05
Atual_M2_PCA95,Birch,,,,8.0,,,8,0.0,0.107,2.1538,536.4847,,6.63,,,,50.0,0.1
Atual_M2_PCA95,Birch,,,,8.0,,,8,0.0,0.1153,2.2376,536.948,,8.37,,,,50.0,0.25
Atual_M2_PCA95,Birch,,,,8.0,,,8,0.0,0.1193,2.0884,545.7254,,5.57,,,,50.0,0.5
Atual_M2_PCA95,Birch,,,,9.0,,,9,0.0,0.1215,2.1697,495.7062,,4.8,,,,50.0,0.05
Atual_M2_PCA95,Birch,,,,9.0,,,9,0.0,0.112,2.2155,497.0199,,6.63,,,,50.0,0.1
Atual_M2_PCA95,Birch,,,,9.0,,,9,0.0,0.1094,2.2725,497.9295,,8.37,,,,50.0,0.25
Atual_M2_PCA95,Birch,,,,9.0,,,9,0.0,0.122,2.178,502.2685,,5.57,,,,50.0,0.5
Atual_M2_PCA95,Birch,,,,10.0,,,10,0.0,0.1066,2.2057,462.9757,,4.8,,,,50.0,0.05
Atual_M2_PCA95,Birch,,,,10.0,,,10,0.0,0.1074,2.1182,459.7542,,3.77,,,,50.0,0.1
Atual_M2_PCA95,Birch,,,,10.0,,,10,0.0,0.1033,2.1677,461.9547,,3.5,,,,50.0,0.25
Atual_M2_PCA95,Birch,,,,10.0,,,10,0.0,0.1165,2.288,463.6467,,5.57,,,,50.0,0.5
Numericas_Engenharia,KMeans,lloyd,k-means++,300.0,2.0,20.0,42.0,2,0.0,0.4328,0.8874,3065.3427,6345.854,35.63,,,,,
Numericas_Engenharia,KMeans,lloyd,k-means++,300.0,2.0,50.0,42.0,2,0.0,0.4328,0.8874,3065.3427,6345.854,35.63,,,,,
Numericas_Engenharia,KMeans,lloyd,k-means++,300.0,3.0,20.0,42.0,3,0.0,0.3947,0.9655,3017.2159,4258.9245,29.07,,,,,
Numericas_Engenharia,KMeans,lloyd,k-means++,300.0,3.0,50.0,42.0,3,0.0,0.3947,0.9655,3017.2159,4258.9245,29.07,,,,,
Numericas_Engenharia,KMeans,lloyd,k-means++,300.0,4.0,20.0,42.0,4,0.0,0.3496,1.0369,2722.2643,3444.5964,18.73,,,,,
Numericas_Engenharia,KMeans,lloyd,k-means++,300.0,4.0,50.0,42.0,4,0.0,0.3499,1.0345,2722.3117,3444.5581,18.4,,,,,
Numericas_Engenharia,KMeans,lloyd,k-means++,300.0,5.0,20.0,42.0,5,0.0,0.3567,0.9459,2745.0093,2750.5102,11.53,,,,,
Numericas_Engenharia,KMeans,lloyd,k-means++,300.0,5.0,50.0,42.0,5,0.0,0.3567,0.9459,2745.0093,2750.5102,11.53,,,,,
Numericas_Engenharia,KMeans,lloyd,k-means++,300.0,6.0,20.0,42.0,6,0.0,0.3473,0.9824,2690.3578,2336.5087,11.07,,,,,
Numericas_Engenharia,KMeans,lloyd,k-means++,300.0,6.0,50.0,42.0,6,0.0,0.3489,0.9763,2690.4844,2336.4228,11.0,,,,,
Numericas_Engenharia,KMeans,lloyd,k-means++,300.0,7.0,20.0,42.0,7,0.0,0.3319,1.0679,2539.114,2107.4126,10.07,,,,,
Numericas_Engenharia,KMeans,lloyd,k-means++,300.0,7.0,50.0,42.0,7,0.0,0.332,1.0692,2539.2172,2107.3228,10.03,,,,,
Numericas_Engenharia,KMeans,lloyd,k-means++,300.0,8.0,20.0,42.0,8,0.0,0.3456,1.0223,2457.6394,1901.4149,9.7,,,,,
Numericas_Engenharia,KMeans,lloyd,k-means++,300.0,8.0,50.0,42.0,8,0.0,0.3456,1.0223,2457.6394,1901.4149,9.7,,,,,
Numericas_Engenharia,KMeans,lloyd,k-means++,300.0,9.0,20.0,42.0,9,0.0,0.3266,1.1092,2342.2107,1766.6633,8.63,,,,,
Numericas_Engenharia,KMeans,lloyd,k-means++,300.0,9.0,50.0,42.0,9,0.0,0.3266,1.1092,2342.2107,1766.6633,8.63,,,,,
Numericas_Engenharia,KMeans,lloyd,k-means++,300.0,10.0,20.0,42.0,10,0.0,0.3235,1.0942,2257.6185,1646.375,8.23,,,,,
Numericas_Engenharia,KMeans,lloyd,k-means++,300.0,10.0,50.0,42.0,10,0.0,0.3235,1.0942,2257.6185,1646.375,8.23,,,,,
Numericas_Engenharia,KMeans,lloyd,k-means++,500.0,2.0,20.0,42.0,2,0.0,0.4328,0.8874,3065.3427,6345.854,35.63,,,,,
Numericas_Engenharia,KMeans,lloyd,k-means++,500.0,2.0,50.0,42.0,2,0.0,0.4328,0.8874,3065.3427,6345.854,35.63,,,,,
Numericas_Engenharia,KMeans,lloyd,k-means++,500.0,3.0,20.0,42.0,3,0.0,0.3947,0.9655,3017.2159,4258.9245,29.07,,,,,
Numericas_Engenharia,KMeans,lloyd,k-means++,500.0,3.0,50.0,42.0,3,0.0,0.3947,0.9655,3017.2159,4258.9245,29.07,,,,,
Numericas_Engenharia,KMeans,lloyd,k-means++,500.0,4.0,20.0,42.0,4,0.0,0.3496,1.0369,2722.2643,3444.5964,18.73,,,,,
Numericas_Engenharia,KMeans,lloyd,k-means++,500.0,4.0,50.0,42.0,4,0.0,0.3499,1.0345,2722.3117,3444.5581,18.4,,,,,
Numericas_Engenharia,KMeans,lloyd,k-means++,500.0,5.0,20.0,42.0,5,0.0,0.3567,0.9459,2745.0093,2750.5102,11.53,,,,,
Numericas_Engenharia,KMeans,lloyd,k-means++,500.0,5.0,50.0,42.0,5,0.0,0.3567,0.9459,2745.0093,2750.5102,11.53,,,,,
Numericas_Engenharia,KMeans,lloyd,k-means++,500.0,6.0,20.0,42.0,6,0.0,0.3473,0.9824,2690.3578,2336.5087,11.07,,,,,
Numericas_Engenharia,KMeans,lloyd,k-means++,500.0,6.0,50.0,42.0,6,0.0,0.3489,0.9763,2690.4844,2336.4228,11.0,,,,,
Numericas_Engenharia,KMeans,lloyd,k-means++,500.0,7.0,20.0,42.0,7,0.0,0.3319,1.0679,2539.114,2107.4126,10.07,,,,,
Numericas_Engenharia,KMeans,lloyd,k-means++,500.0,7.0,50.0,42.0,7,0.0,0.332,1.0692,2539.2172,2107.3228,10.03,,,,,
Numericas_Engenharia,KMeans,lloyd,k-means++,500.0,8.0,20.0,42.0,8,0.0,0.3456,1.0223,2457.6394,1901.4149,9.7,,,,,
Numericas_Engenharia,KMeans,lloyd,k-means++,500.0,8.0,50.0,42.0,8,0.0,0.3456,1.0223,2457.6394,1901.4149,9.7,,,,,
Numericas_Engenharia,KMeans,lloyd,k-means++,500.0,9.0,20.0,42.0,9,0.0,0.3266,1.1092,2342.2107,1766.6633,8.63,,,,,
Numericas_Engenharia,KMeans,lloyd,k-means++,500.0,9.0,50.0,42.0,9,0.0,0.3266,1.1092,2342.2107,1766.6633,8.63,,,,,
Numericas_Engenharia,KMeans,lloyd,k-means++,500.0,10.0,20.0,42.0,10,0.0,0.3235,1.0942,2257.6185,1646.375,8.23,,,,,
Numericas_Engenharia,KMeans,lloyd,k-means++,500.0,10.0,50.0,42.0,10,0.0,0.3235,1.0942,2257.6185,1646.375,8.23,,,,,
Numericas_Engenharia,MiniBatchKMeans,,k-means++,300.0,2.0,20.0,42.0,2,0.0,0.4322,0.89,3064.9988,6347.8818,35.93,512.0,,,,
Numericas_Engenharia,MiniBatchKMeans,,k-means++,300.0,3.0,20.0,42.0,3,0.0,0.3995,0.9512,2996.5821,4290.7211,26.8,512.0,,,,
Numericas_Engenharia,MiniBatchKMeans,,k-means++,300.0,4.0,20.0,42.0,4,0.0,0.3897,0.8611,2701.573,3469.7383,13.8,512.0,,,,
Numericas_Engenharia,MiniBatchKMeans,,k-means++,300.0,5.0,20.0,42.0,5,0.0,0.3562,0.9451,2742.793,2753.6345,11.8,512.0,,,,
Numericas_Engenharia,MiniBatchKMeans,,k-means++,300.0,6.0,20.0,42.0,6,0.0,0.3476,0.9834,2669.8846,2361.7391,10.57,512.0,,,,
Numericas_Engenharia,MiniBatchKMeans,,k-means++,300.0,7.0,20.0,42.0,7,0.0,0.338,1.0911,2469.2718,2158.7865,10.43,512.0,,,,
Numericas_Engenharia,MiniBatchKMeans,,k-means++,300.0,8.0,20.0,42.0,8,0.0,0.3374,1.0962,2400.6283,1949.1871,9.5,512.0,,,,
Numericas_Engenharia,MiniBatchKMeans,,k-means++,300.0,9.0,20.0,42.0,9,0.0,0.3179,1.1063,2287.305,1806.4691,8.17,512.0,,,,
Numericas_Engenharia,MiniBatchKMeans,,k-means++,300.0,10.0,20.0,42.0,10,0.0,0.3203,1.1821,2186.669,1697.2686,6.6,512.0,,,,
Numericas_Engenharia,MiniBatchKMeans,,k-means++,300.0,2.0,20.0,42.0,2,0.0,0.4327,0.8879,3065.3204,6346.2164,35.7,2048.0,,,,
Numericas_Engenharia,MiniBatchKMeans,,k-means++,300.0,3.0,20.0,42.0,3,0.0,0.4007,0.9494,2993.6858,4298.7513,26.23,2048.0,,,,
Numericas_Engenharia,MiniBatchKMeans,,k-means++,300.0,4.0,20.0,42.0,4,0.0,0.3493,1.0142,2680.2397,3491.4641,14.47,2048.0,,,,
Numericas_Engenharia,MiniBatchKMeans,,k-means++,300.0,5.0,20.0,42.0,5,0.0,0.3547,0.9787,2709.4364,2786.1188,10.97,2048.0,,,,
Numericas_Engenharia,MiniBatchKMeans,,k-means++,300.0,6.0,20.0,42.0,6,0.0,0.3464,0.9843,2688.7638,2339.5308,11.03,2048.0,,,,
Numericas_Engenharia,MiniBatchKMeans,,k-means++,300.0,7.0,20.0,42.0,7,0.0,0.3287,1.0778,2520.127,2124.3134,9.8,2048.0,,,,
Numericas_Engenharia,MiniBatchKMeans,,k-means++,300.0,8.0,20.0,42.0,8,0.0,0.3082,1.158,2385.8733,1953.2345,9.9,2048.0,,,,
Numericas_Engenharia,MiniBatchKMeans,,k-means++,300.0,9.0,20.0,42.0,9,0.0,0.3205,1.1104,2290.6216,1804.5956,8.4,2048.0,,,,
Numericas_Engenharia,MiniBatchKMeans,,k-means++,300.0,10.0,20.0,42.0,10,0.0,0.2937,1.1352,2082.9022,1769.1714,6.0,2048.0,,,,
Numericas_Engenharia,BisectingKMeans,,k-means++,,2.0,10.0,42.0,2,0.0,0.4328,0.8874,3065.3427,6345.843,35.63,,,,,
Numericas_Engenharia,BisectingKMeans,,k-means++,,3.0,10.0,42.0,3,0.0,0.389,0.9632,2874.3292,4398.089,26.67,,,,,
Numericas_Engenharia,BisectingKMeans,,k-means++,,4.0,10.0,42.0,4,0.0,0.3392,1.0652,2600.5415,3561.0903,15.53,,,,,
Numericas_Engenharia,BisectingKMeans,,k-means++,,5.0,10.0,42.0,5,0.0,0.2729,1.2404,2276.7939,3176.2011,15.53,,,,,
Numericas_Engenharia,BisectingKMeans,,k-means++,,6.0,10.0,42.0,6,0.0,0.3098,1.1307,2461.2613,2511.4681,11.33,,,,,
Numericas_Engenharia,BisectingKMeans,,k-means++,,7.0,10.0,42.0,7,0.0,0.3091,1.137,2371.3018,2230.6424,9.8,,,,,
Numericas_Engenharia,BisectingKMeans,,k-means++,,8.0,10.0,42.0,8,0.0,0.3191,1.087,2290.4217,2018.4214,7.87,,,,,
Numericas_Engenharia,BisectingKMeans,,k-means++,,9.0,10.0,42.0,9,0.0,0.2923,1.1856,2151.2936,1900.2474,6.93,,,,,
Numericas_Engenharia,BisectingKMeans,,k-means++,,10.0,10.0,42.0,10,0.0,0.2835,1.2311,2037.3292,1799.4175,6.93,,,,,
Numericas_Engenharia,GaussianMixture,,,,,5.0,42.0,2,0.0,0.2896,1.0383,1109.6068,,20.93,,diag,2.0,,
Numericas_Engenharia,GaussianMixture,,,,,5.0,42.0,3,0.0,0.3914,0.9241,2675.1295,,20.93,,diag,3.0,,
Numericas_Engenharia,GaussianMixture,,,,,5.0,42.0,4,0.0,0.3224,1.3095,1854.9252,,4.87,,diag,4.0,,
Numericas_Engenharia,GaussianMixture,,,,,5.0,42.0,5,0.0,0.2575,1.3939,1853.1014,,4.87,,diag,5.0,,
Numericas_Engenharia,GaussianMixture,,,,,5.0,42.0,6,0.0,0.1692,2.0203,1253.5266,,4.87,,diag,6.0,,
Numericas_Engenharia,GaussianMixture,,,,,5.0,42.0,7,0.0,0.1679,1.8818,1265.9784,,4.87,,diag,7.0,,
Numericas_Engenharia,GaussianMixture,,,,,5.0,42.0,8,0.0,0.1623,1.9948,1134.1263,,4.1,,diag,8.0,,
Numericas_Engenharia,GaussianMixture,,,,,5.0,42.0,9,0.0,0.1429,1.9229,1124.2347,,3.53,,diag,9.0,,
Numericas_Engenharia,GaussianMixture,,,,,5.0,42.0,10,0.0,0.162,1.6718,1002.9635,,0.8,,diag,10.0,,
Numericas_Engenharia,GaussianMixture,,,,,5.0,42.0,2,0.0,0.4379,0.8453,2999.9924,,30.93,,spherical,2.0,,
Numericas_Engenharia,GaussianMixture,,,,,5.0,42.0,3,0.0,0.3946,0.9591,3002.5899,,28.9,,spherical,3.0,,
Numericas_Engenharia,GaussianMixture,,,,,5.0,42.0,4,0.0,0.389,0.7951,2537.7332,,9.67,,spherical,4.0,,
Numericas_Engenharia,GaussianMixture,,,,,5.0,42.0,5,0.0,0.3505,0.891,2524.7306,,9.73,,spherical,5.0,,
Numericas_Engenharia,GaussianMixture,,,,,5.0,42.0,6,0.0,0.3213,0.9509,2464.9907,,8.6,,spherical,6.0,,
Numericas_Engenharia,GaussianMixture,,,,,5.0,42.0,7,0.0,0.3244,1.0221,2409.3341,,9.57,,spherical,7.0,,
Numericas_Engenharia,GaussianMixture,,,,,5.0,42.0,8,0.0,0.2909,0.9642,2133.4938,,4.03,,spherical,8.0,,
Numericas_Engenharia,GaussianMixture,,,,,5.0,42.0,9,0.0,0.2961,0.9766,2124.1687,,4.03,,spherical,9.0,,
Numericas_Engenharia,GaussianMixture,,,,,5.0,42.0,10,0.0,0.3063,1.0042,2108.8134,,4.4,,spherical,10.0,,
Numericas_Engenharia,Birch,,,,2.0,,,2,0.0,0.4051,0.7975,2192.7459,,20.8,,,,25.0,0.05
Numericas_Engenharia,Birch,,,,2.0,,,2,0.0,0.402,0.8112,2181.3951,,21.03,,,,25.0,0.1
Numericas_Engenharia,Birch,,,,2.0,,,2,0.0,0.429,0.8352,2819.3387,,28.33,,,,25.0,0.25
Numericas_Engenharia,Birch,,,,2.0,,,2,0.0,0.4102,0.877,2518.3248,,28.07,,,,25.0,0.5
Numericas_Engenharia,Birch,,,,3.0,,,3,0.0,0.2785,1.4268,1828.2353,,20.8,,,,25.0,0.05
Numericas_Engenharia,Birch,,,,3.0,,,3,0.0,0.2892,1.1187,2154.1726,,21.03,,,,25.0,0.1
Numericas_Engenharia,Birch,,,,3.0,,,3,0.0,0.3598,1.0568,2698.6298,,28.33,,,,25.0,0.25
Numericas_Engenharia,Birch,,,,3.0,,,3,0.0,0.3019,1.0737,2293.7366,,20.23,,,,25.0,0.5
Numericas_Engenharia,Birch,,,,4.0,,,4,0.0,0.2394,1.1757,1718.8915,,12.3,,,,25.0,0.05
Numericas_Engenharia,Birch,,,,4.0,,,4,0.0,0.3003,1.1138,2295.6465,,21.03,,,,25.0,0.1
Numericas_Engenharia,Birch,,,,4.0,,,4,0.0,0.3582,0.9248,2515.5957,,17.87,,,,25.0,0.25
Numericas_Engenharia,Birch,,,,4.0,,,4,0.0,0.252,1.0742,1826.8312,,7.5,,,,25.0,0.5
Numericas_Engenharia,Birch,,,,5.0,,,5,0.0,0.2903,1.077,2201.2508,,12.3,,,,25.0,0.05
Numericas_Engenharia,Birch,,,,5.0,,,5,0.0,0.2573,1.2201,1920.3762,,8.73,,,,25.0,0.1
Numericas_Engenharia,Birch,,,,5.0,,,5,0.0,0.2647,1.1974,2097.1338,,7.9,,,,25.0,0.25
Numericas_Engenharia,Birch,,,,5.0,,,5,0.0,0.2575,1.0863,2007.9553,,7.5,,,,25.0,0.5
Numericas_Engenharia,Birch,,,,6.0,,,6,0.0,0.271,1.1221,1981.4602,,6.5,,,,25.0,0.05
Numericas_Engenharia,Birch,,,,6.0,,,6,0.0,0.2421,1.2449,1723.8121,,6.27,,,,25.0,0.1
Numericas_Engenharia,Birch,,,,6.0,,,6,0.0,0.2229,1.496,1853.8096,,7.9,,,,25.0,0.25
Numericas_Engenharia,Birch,,,,6.0,,,6,0.0,0.2901,1.0843,2238.5094,,7.5,,,,25.0,0.5
Numericas_Engenharia,Birch,,,,7.0,,,7,0.0,0.2556,1.1382,1853.0411,,5.1,,,,25.0,0.05
Numericas_Engenharia,Birch,,,,7.0,,,7,0.0,0.2465,1.1833,1710.9628,,4.93,,,,25.0,0.1
Numericas_Engenharia,Birch,,,,7.0,,,7,0.0,0.2365,1.3929,1785.9019,,6.27,,,,25.0,0.25
Numericas_Engenharia,Birch,,,,7.0,,,7,0.0,0.2774,1.1643,2074.1797,,7.5,,,,25.0,0.5
Numericas_Engenharia,Birch,,,,8.0,,,8,0.0,0.277,1.0972,1951.4774,,5.1,,,,25.0,0.05
Numericas_Engenharia,Birch,,,,8.0,,,8,0.0,0.2127,1.3704,1598.9784,,4.93,,,,25.0,0.1
Numericas_Engenharia,Birch,,,,8.0,,,8,0.0,0.2488,1.315,1667.8979,,6.27,,,,25.0,0.25
Numericas_Engenharia,Birch,,,,8.0,,,8,0.0,0.2608,1.2325,2007.2193,,7.5,,,,25.0,0.5
Numericas_Engenharia,Birch,,,,9.0,,,9,0.0,0.2796,1.109,1822.5527,,5.1,,,,25.0,0.05
Numericas_Engenharia,Birch,,,,9.0,,,9,0.0,0.2197,1.3608,1463.719,,2.9,,,,25.0,0.1
Numericas_Engenharia,Birch,,,,9.0,,,9,0.0,0.2698,1.2757,1760.641,,5.97,,,,25.0,0.25
Numericas_Engenharia,Birch,,,,9.0,,,9,0.0,0.2694,1.2164,1981.025,,4.67,,,,25.0,0.5
Numericas_Engenharia,Birch,,,,10.0,,,10,0.0,0.2828,1.1862,1753.4971,,5.1,,,,25.0,0.05
Numericas_Engenharia,Birch,,,,10.0,,,10,0.0,0.232,1.2587,1415.5615,,2.9,,,,25.0,0.1
Numericas_Engenharia,Birch,,,,10.0,,,10,0.0,0.2774,1.2013,1738.8189,,4.4,,,,25.0,0.25
Numericas_Engenharia,Birch,,,,10.0,,,10,0.0,0.2676,1.2672,1839.3899,,3.73,,,,25.0,0.5
Numericas_Engenharia,Birch,,,,2.0,,,2,0.0,0.4271,0.8399,2798.6649,,28.4,,,,50.0,0.05
Numericas_Engenharia,Birch,,,,2.0,,,2,0.0,0.423,0.7939,2522.1538,,23.23,,,,50.0,0.1
Numericas_Engenharia,Birch,,,,2.0,,,2,0.0,0.4238,0.7921,2535.5491,,23.3,,,,50.0,0.25
Numericas_Engenharia,Birch,,,,2.0,,,2,0.0,0.4234,0.8647,2747.9744,,29.5,,,,50.0,0.5
Numericas_Engenharia,Birch,,,,3.0,,,3,0.0,0.3478,1.0242,2211.8154,,14.67,,,,50.0,0.05
Numericas_Engenharia,Birch,,,,3.0,,,3,0.0,0.3105,1.0933,2381.8317,,23.23,,,,50.0,0.1
Numericas_Engenharia,Birch,,,,3.0,,,3,0.0,0.3422,1.0888,2541.8379,,23.3,,,,50.0,0.25
Numericas_Engenharia,Birch,,,,3.0,,,3,0.0,0.2602,1.0465,2068.1787,,13.67,,,,50.0,0.5
Numericas_Engenharia,Birch,,,,4.0,,,4,0.0,0.2714,1.0955,2083.2559,,14.17,,,,50.0,0.05
Numericas_Engenharia,Birch,,,,4.0,,,4,0.0,0.3345,1.0241,2441.5371,,16.17,,,,50.0,0.1
Numericas_Engenharia,Birch,,,,4.0,,,4,0.0,0.3479,0.9695,2388.5911,,13.5,,,,50.0,0.25
Numericas_Engenharia,Birch,,,,4.0,,,4,0.0,0.2628,1.1574,1972.0502,,13.67,,,,50.0,0.5
Numericas_Engenharia,Birch,,,,5.0,,,5,0.0,0.2368,1.1933,1857.7891,,12.33,,,,50.0,0.05
Numericas_Engenharia,Birch,,,,5.0,,,5,0.0,0.2677,1.1636,2076.3175,,12.6,,,,50.0,0.1
Numericas_Engenharia,Birch,,,,5.0,,,5,0.0,0.2932,1.137,2233.3993,,13.5,,,,50.0,0.25
Numericas_Engenharia,Birch,,,,5.0,,,5,0.0,0.2352,1.2732,1774.5078,,13.67,,,,50.0,0.5
Numericas_Engenharia,Birch,,,,6.0,,,6,0.0,0.2723,1.2039,2198.2252,,12.33,,,,50.0,0.05
Numericas_Engenharia,Birch,,,,6.0,,,6,0.0,0.2318,1.3148,1822.2645,,8.2,,,,50.0,0.1
Numericas_Engenharia,Birch,,,,6.0,,,6,0.0,0.2411,1.2734,1975.8967,,7.73,,,,50.0,0.25
Numericas_Engenharia,Birch,,,,6.0,,,6,0.0,0.261,1.1905,1983.812,,13.67,,,,50.0,0.5
Numericas_Engenharia,Birch,,,,7.0,,,7,0.0,0.2691,1.2679,1971.5381,,7.77,,,,50.0,0.05
Numericas_Engenharia,Birch,,,,7.0,,,7,0.0,0.2383,1.2403,1774.1302,,6.53,,,,50.0,0.1
Numericas_Engenharia,Birch,,,,7.0,,,7,0.0,0.2333,1.228,1818.3119,,7.17,,,,50.0,0.25
Numericas_Engenharia,Birch,,,,7.0,,,7,0.0,0.2813,1.1632,2053.9382,,7.03,,,,50.0,0.5
Numericas_Engenharia,Birch,,,,8.0,,,8,0.0,0.2871,1.2345,1997.7316,,5.17,,,,50.0,0.05
Numericas_Engenharia,Birch,,,,8.0,,,8,0.0,0.2792,1.2348,2075.7925,,6.53,,,,50.0,0.1
Numericas_Engenharia,Birch,,,,8.0,,,8,0.0,0.2481,1.2256,1841.2554,,5.9,,,,50.0,0.25
Numericas_Engenharia,Birch,,,,8.0,,,8,0.0,0.2611,1.2941,1913.3378,,6.43,,,,50.0,0.5
Numericas_Engenharia,Birch,,,,9.0,,,9,0.0,0.2817,1.2351,1874.8689,,5.17,,,,50.0,0.05
Numericas_Engenharia,Birch,,,,9.0,,,9,0.0,0.2883,1.2151,2024.3406,,5.27,,,,50.0,0.1
Numericas_Engenharia,Birch,,,,9.0,,,9,0.0,0.2543,1.1918,1753.0286,,4.53,,,,50.0,0.25
Numericas_Engenharia,Birch,,,,9.0,,,9,0.0,0.2747,1.223,1807.9996,,3.0,,,,50.0,0.5
Numericas_Engenharia,Birch,,,,10.0,,,10,0.0,0.2833,1.2664,1783.5268,,4.7,,,,50.0,0.05
Numericas_Engenharia,Birch,,,,10.0,,,10,0.0,0.2935,1.2465,1882.8145,,2.87,,,,50.0,0.1
Numericas_Engenharia,Birch,,,,10.0,,,10,0.0,0.2488,1.1498,1600.3056,,1.0,,,,50.0,0.25
Numericas_Engenharia,Birch,,,,10.0,,,10,0.0,0.2829,1.179,1690.1779,,2.17,,,,50.0,0.5
